,symbol,lastPr,askPr,bidPr,bidSz,askSz,high24h,low24h,ts,change24h,baseVolume,quoteVolume,usdtVolume,openUtc,changeUtc24h,indexPrice,fundingRate,holdingAmount,deliveryStartTime,deliveryTime,deliveryStatus,open24h,markPrice
0,BTCUSDT,84193.4,84193.4,84193.3,0.4088,0.0265,84500,83578.6,1742697623974,0.0004,34170.0343,2873953857.00041,2873953857.00041,83797.1,0.00473,84233.154552083400578,-0.000011,42784.9626,,,,84160,84193.5
1,ETHUSDT,1998.67,1998.68,1998.67,104.72,3.74,2005.56,1973.99,1742697623974,0.00759,925152.49,1839814701.6803,1839814701.6803,1979.84,0.00952,1999.6445811093366102,0.000056,742524.18,,,,1983.61,1998.68
2,XRPUSDT,2.3814,2.3814,2.381,81,3613,2.4155,2.3571,1742697623974,-0.00497,216716111,516821444.2263,516821444.2263,2.3703,0.00456,2.3821389371871309,0.0001,384495858,,,,2.3933,2.3814
3,EOSUSDT,0.5477,0.5477,0.5475,3787,4134,0.562,0.5435,1742697623974,0.00201,3811211,2104043.2756,2104043.2756,0.5497,-0.00364,0.5478405541519179,0.0001,18585439,,,,0.5466,0.5477
4,BCHUSDT,323.94,323.95,323.94,0.29,0.53,326.24,320.66,1742697623974,-0.00439,16699.04,5405278.3179,5405278.3179,322.22,0.00534,323.9490164047596343,0.0001,60688.76,,,,325.37,323.94
5,LTCUSDT,91.98,91.94,91.92,346.7,28.5,92.21,90.56,1742697623974,0.01021,94221.3,8595279.14,8595279.14,91.38,0.00657,91.9058080729868212,0.0001,713718.9,,,,91.05,91.93
6,ADAUSDT,0.7083,0.7083,0.7082,70164,1093,0.716,0.6969,1742697623974,0.00014,30282378,21387524.1635,21387524.1635,0.7014,0.00984,0.7083042541279264,0.0001,175528975,,,,0.7082,0.7083
7,ETCUSDT,17.782,17.782,17.776,148,541,17.989,17.614,1742697623974,-0.0042,102663,1829480.91,1829480.91,17.663,0.00674,17.7850778365553928,0.0001,546576,,,,17.857,17.7831
8,LINKUSDT,14.338,14.34,14.339,780,35,14.491,14.003,1742697623974,0.01681,844622,12044802.453,12044802.453,14.244,0.0066,14.3521513649230697,0.000071,6470314,,,,14.101,14.342
9,TRXUSDT,0.24042,0.2405,0.24045,39728,4158,0.24091,0.23312,1742697623974,0.0218,11077321,2615112.64959,2615112.64959,0.23692,0.01477,0.2405278691846171,0.0001,109835880,,,,0.23529,0.24048
10,DOTUSDT,4.455,4.456,4.454,301,1033,4.542,4.413,1742697623974,-0.00291,923136,4129801.393,4129801.393,4.444,0.00248,4.4573427633173291,0.0001,15356389,,,,4.468,4.4566
11,DOGEUSDT,0.16859,0.1686,0.16858,9355,597862,0.16975,0.16657,1742697623974,0.00006,141430509,23848572.4482,23848572.4482,0.16737,0.00729,0.1685894307456242,0.0001,748112685,,,,0.16858,0.16859
12,SOLUSDT,129.693,129.694,129.681,1994.4,27.2,131.78,127.9,1742697623974,0.01079,1470448.8,190853003.1469,190853003.1469,128.43,0.00983,129.7458663590424522,0.0001,5497756.9,,,,128.308,129.696
13,BNBUSDT,624.17,624.32,624.24,95.03,1.95,632.65,622.43,1742697623974,-0.01273,13012.97,8162049.1386,8162049.1386,626.47,-0.00367,624.8770712930466094,-0.000352,69321.02,,,,632.22,624.24
14,UNIUSDT,6.814,6.816,6.813,1679,422,6.92,6.718,1742697623974,-0.00772,1186164,8075642.861,8075642.861,6.728,0.01278,6.8221832275260317,0.0001,2107001,,,,6.867,6.816
15,ICPUSDT,5.766,5.769,5.766,732.76,50,5.829,5.614,1742697623974,0.02216,253196.32,1454909.80947,1454909.80947,5.751,0.00261,5.7684381687070497,0.0001,1509458.51,,,,5.641,5.766
16,AAVEUSDT,182.16,182.22,182.17,42.3,0.7,183.59,179.04,1742697623974,0.0058,25972.8,4698699.019,4698699.019,179.69,0.01375,182.3036426169029331,0.000087,124431.8,,,,181.11,182.16
17,FILUSDT,3.016,3.017,3.015,940.2,1357.6,3.059,2.93,1742697623974,0.02411,506402.7,1521284.7909,1521284.7909,2.991,0.00836,3.0172684509004033,0.0001,6236736.8,,,,2.945,3.0165
18,XLMUSDT,0.27663,0.27674,0.27666,6057,1047,0.27944,0.27284,1742697623974,-0.00582,11265136,3106836.83009,3106836.83009,0.27368,0.01078,0.2767839317312026,0.0001,101503557,,,,0.27825,0.27665
19,ATOMUSDT,4.845,4.845,4.841,1340,565,5.04,4.633,1742697623974,0.03814,803938,3916640.26,3916640.26,4.877,-0.00656,4.8509051641409497,-0.000162,2568945,,,,4.667,4.845
20,XTZUSDT,0.6965,0.6968,0.6966,907,500,0.7104,0.6833,1742697623974,0.0156,411830,287898.1717,287898.1717,0.6917,0.00694,0.6968256640887632,0.0001,2994882,,,,0.6858,0.6969
21,SUSHIUSDT,0.6753,0.6756,0.6753,1014,563,0.6921,0.658,1742697623974,0.01978,1480439,1002365.9456,1002365.9456,0.6713,0.00596,0.6763843567003132,0.000057,7541717,,,,0.6622,0.6754
22,AXSUSDT,3.444,3.444,3.443,668,1039,3.445,3.314,1742697623974,0.03797,195093.2,663793.4163,663793.4163,3.406,0.01116,3.4453924712538829,0.0001,1099153.1,,,,3.318,3.444
23,THETAUSDT,0.9286,0.9285,0.9279,748,1178,0.9499,0.9086,1742697623974,0.01531,507626,474054.1827,474054.1827,0.9275,0.00119,0.9287564218848466,0.0001,2202777,,,,0.9146,0.9286
24,AVAXUSDT,19.65,19.649,19.646,27.5,6.1,19.74,19.188,1742697623974,0.02259,439065.5,8552399.5214,8552399.5214,19.426,0.01153,19.651272344936787,0.0001,2467007.9,,,,19.216,19.653
25,SHIBUSDT,0.000012907,0.000012907,0.000012904,425730000,646900000,0.000012956,0.000012511,1742697623974,0.0255,166649860000,2129023.23125,2129023.23125,0.0000128,0.00836,0.0000129083228065,0.0001,978735737431,,,,0.000012586,0.000012907
26,MANAUSDT,0.2654,0.2655,0.2653,1125,8000,0.2677,0.2603,1742697623974,0.01028,2350802,622227.0168,622227.0168,0.2621,0.01259,0.2655913738569587,0.0001,43356124,,,,0.2627,0.2654
27,GALAUSDT,0.01726,0.01727,0.01726,70761,311674,0.01751,0.01671,1742697623974,0.02799,104418330,1792925.24259,1792925.24259,0.01713,0.00759,0.0172666577225891,0.0001,710724357,,,,0.01679,0.01727
28,SANDUSDT,0.28446,0.28446,0.28438,5265,6973,0.28815,0.27958,1742697623974,0.00872,5075456,1439817.73774,1439817.73774,0.28118,0.01138,0.2844848749629251,0.0001,29625752,,,,0.282,0.2845
29,DYDXUSDT,0.6758,0.6759,0.6756,1666,27,0.6841,0.6621,1742697623974,0.01502,1738044,1174321.4355,1174321.4355,0.6748,0.00148,0.6758474796863229,0.0001,9796149,,,,0.6658,0.6758
30,CRVUSDT,0.4847,0.4853,0.4852,51,149868,0.5063,0.44,1742697623974,0.09685,7275729,3466977.1329,3466977.1329,0.491,-0.01283,0.4856480951720026,0.000061,20308001,,,,0.4419,0.485
31,NEARUSDT,2.773,2.774,2.773,444,1125,2.794,2.714,1742697623974,0.00946,1605885,4430267.495,4430267.495,2.731,0.01538,2.7738200396114642,0.0001,10070796,,,,2.747,2.774
32,EGLDUSDT,18.41,18.42,18.4,68.2,15.9,18.49,17.91,1742697623974,0.02221,32277.2,587311.984,587311.984,18.13,0.01544,18.412434379046912,0.0001,239566.5,,,,18.01,18.41
33,KSMUSDT,16.94,16.94,16.93,14.2,68.6,17.32,16.8,1742697623974,-0.00059,8459.3,144302.895,144302.895,16.93,0.00059,16.9679134555105358,0.0001,103008.4,,,,16.95,16.95
34,ARUSDT,7.385,7.385,7.381,365.4,250,7.528,6.721,1742697623974,0.09149,222608.7,1596201.3043,1596201.3043,7.196,0.02626,7.3924434467434453,0.0001,1099347.3,,,,6.766,7.386
35,PEOPLEUSDT,0.0172,0.01721,0.01719,98092,153005,0.01791,0.01649,1742697623974,0.03677,85216263,1479149.55248,1479149.55248,0.01717,0.00175,0.0171999616384043,0.0001,130791290,,,,0.01659,0.0172
36,LRCUSDT,0.1069,0.107,0.1068,34773,7921,0.1079,0.1042,1742697623974,0.02395,1010371,107587.1013,107587.1013,0.106,0.00849,0.107,0.0001,7716054,,,,0.1044,0.1069
37,NEOUSDT,8.133,8.133,8.13,36.18,28.37,8.248,8.052,1742697623974,0.00631,63801.92,519957.09322,519957.09322,8.103,0.0037,8.1318531287735491,0.0001,313345.38,,,,8.082,8.132
38,ALICEUSDT,0.5293,0.5299,0.529,473.9,200,0.5369,0.516,1742697623974,0.02359,1498633.9,789402.15582,789402.15582,0.5225,0.01301,0.5292439271322175,0.0001,1129063.9,,,,0.5171,0.5293
39,WAVESUSDT,1.391,1.392,1.39,435.6,1301.6,1.411,1.381,1742697623974,-0.00287,160757.4,224945.1751,224945.1751,1.4,-0.00643,1.3880306564306318,0.0001,1063435.5,,,,1.395,1.391
40,ALGOUSDT,0.1894,0.1894,0.1892,8399,68720,0.1917,0.1866,1742697623974,0.00852,4555731,861056.00796,861056.00796,0.1883,0.00584,0.1890986797014722,0.0001,109193444.9,,,,0.1878,0.1893
41,IOTAUSDT,0.1842,0.1843,0.1842,16966.6,20455.8,0.1851,0.1781,1742697623974,0.02963,2888883,527429.45639,527429.45639,0.1817,0.01376,0.1842445610111929,0.0001,35221199.2,,,,0.1789,0.1843
42,ENJUSDT,0.0912,0.0914,0.0913,15685.6,14578,0.0928,0.0895,1742697623974,0.01672,2921979.2,266353.05183,266353.05183,0.0909,0.0033,0.091489526972799,0.0001,27078195.8,,,,0.0897,0.0914
43,GMTUSDT,0.05307,0.05307,0.05305,4607,2750,0.05392,0.0508,1742697623974,0.04141,17563165,925587.48838,925587.48838,0.05262,0.00855,0.0530720472401725,0.0001,71478238,,,,0.05096,0.05308
44,ZILUSDT,0.01249,0.01256,0.01255,44038,40086,0.01271,0.01239,1742697623974,0.00483,6723166,84355.05793,84355.05793,0.01247,0.0016,0.0125632360928123,0.0001,114955096,,,,0.01243,0.01256
45,IOSTUSDT,0.004221,0.004221,0.00422,30000,221762,0.004306,0.00415,1742697623974,0.01174,120129958,508827.66181,508827.66181,0.004217,0.00095,0.0042234917155816,0.0001,399724448,,,,0.004172,0.004221
46,APEUSDT,0.536,0.5363,0.5359,2338.2,2989.2,0.543,0.5138,1742697623974,0.04078,4180035.5,2225832.26474,2225832.26474,0.531,0.00942,0.5357655428418145,0.0001,11718950.9,,,,0.515,0.536
47,RUNEUSDT,1.234,1.235,1.234,4799.2,9999.4,1.258,1.226,1742697623974,-0.00081,654553.9,814090.3709,814090.3709,1.233,0.00081,1.233532137124499,0.0001,7037069.6,,,,1.235,1.234
48,KNCUSDT,0.3682,0.3682,0.3681,500,698.1,0.3757,0.3655,1742697623974,0.00519,763939.9,282402.35555,282402.35555,0.3681,0.00027,0.3685954309073883,0.0001,1727562.8,,,,0.3663,0.3684
49,APTUSDT,5.661,5.662,5.6605,181.4,425.448,5.8176,5.6387,1742697623974,-0.00171,694279.866,3986563.2491481,3986563.2491481,5.6799,-0.00333,5.6569303557679592,0.0001,5771173.732,,,,5.6707,5.6605
50,CHZUSDT,0.04581,0.04583,0.04582,118,52031,0.04689,0.04515,1742697623974,0.01104,19633285,902873.5623,902873.5623,0.04566,0.00329,0.0458130605046147,0.0001,71904020,,,,0.04531,0.04581
51,ROSEUSDT,0.03284,0.03287,0.03284,3932,10687,0.03287,0.03169,1742697623974,0.03335,15787942,511426.26218,511426.26218,0.03228,0.01735,0.0328457707574458,0.0001,83736616,,,,0.03178,0.03284
52,ZRXUSDT,0.2627,0.2642,0.2641,1701,866,0.2675,0.2576,1742697623974,0.01703,1934231,510564.6626,510564.6626,0.2633,-0.00228,0.264752902079234,0.0001,7965417,,,,0.2583,0.2642
53,KAVAUSDT,0.5359,0.5359,0.5357,13512.2,1175.3,0.561,0.5254,1742697623974,0.00733,2058150.1,1114667.78929,1114667.78929,0.5277,0.01535,0.53619597548973,0.0001,7850041,,,,0.532,0.5359
54,ENSUSDT,16.824,16.824,16.819,13.4,76.9,17.172,16.514,1742697623974,-0.00231,99083.6,1664435.0596,1664435.0596,16.602,0.01313,16.8201838774467817,0.0001,333726.5,,,,16.863,16.821
55,MTLUSDT,0.7739,0.7741,0.7737,414.7,299.8,0.7883,0.7603,1742697623974,0.01455,568537.4,440922.68729,440922.68729,0.7717,0.00285,0.7739956153413302,0.0001,364428.6,,,,0.7628,0.774
56,AUDIOUSDT,0.08027,0.08031,0.08024,268,7535,0.08179,0.07927,1742697623974,0.00842,10333372,828675.24231,828675.24231,0.0798,0.00589,0.0802176575820824,0.0001,9014449,,,,0.0796,0.08023
57,SXPUSDT,0.2068,0.2068,0.2067,5435.3,1743.3,0.2095,0.202,1742697623974,0.02224,1716602.3,353319.4222,353319.4222,0.2084,-0.00768,0.207009443509618,0.0001,4654695.3,,,,0.2023,0.2068
58,C98USDT,0.07394,0.07397,0.07392,3000,8031.1,0.07472,0.07095,1742697623974,0.03761,7524116.3,553100.028902,553100.028902,0.07267,0.01748,0.0739538811026871,0.0001,7347553.3,,,,0.07126,0.07395
59,OPUSDT,0.8707,0.8707,0.8705,8663,1803.4,0.8752,0.8486,1742697623974,0.0167,1497479.2,1291227.78921,1291227.78921,0.8604,0.01197,0.8708077755447877,0.0001,9633266.3,,,,0.8564,0.8707
60,RSRUSDT,0.006316,0.006315,0.006313,68084,8010,0.006545,0.006075,1742697623974,0.03068,196809932,1236283.354873,1236283.354873,0.006323,-0.00111,0.0063199943118492,0.0001,636823718,,,,0.006128,0.006316
61,SNXUSDT,0.87,0.869,0.868,6588.4,299.6,0.872,0.834,1742697623974,0.02353,99185.7,85301.7534,85301.7534,0.864,0.00694,0.8709651652322373,0.0001,1062673.8,,,,0.85,0.87
62,STORJUSDT,0.2963,0.2966,0.2963,2159.6,1575,0.2987,0.2863,1742697623974,0.02384,2986452.8,868691.50069,868691.50069,0.2953,0.00339,0.2967312162106161,0.0001,8041505.2,,,,0.2894,0.2967
63,1INCHUSDT,0.2093,0.2092,0.2091,6632.5,1299.5,0.2114,0.2063,1742697623974,0.00965,1225551.9,256815.4432,256815.4432,0.2092,0.00048,0.2092812563110914,0.0001,6437149.6,,,,0.2073,0.2093
64,COMPUSDT,43.46,43.47,43.46,13.25,0.96,43.89,41.79,1742697623974,0.03649,14615.38,632571.3851,632571.3851,43.22,0.00555,43.4638610729936449,0.0001,64697.16,,,,41.93,43.46
65,IMXUSDT,0.5866,0.587,0.5866,1362.6,300,0.6229,0.5488,1742697623974,0.06191,5451193.9,3239642.26529,3239642.26529,0.5984,-0.01939,0.5872214158535757,0.00005,7195433.8,,,,0.5524,0.5869
66,LUNAUSDT,0.2052,0.2053,0.2051,590,3117,0.2192,0.2029,1742697623974,0.0049,1826221,380220.6857,380220.6857,0.2046,0.00293,0.20519999,0.0001,5029737,,,,0.2042,0.2052
67,FLOWUSDT,0.417,0.4178,0.4177,1203.7,1000,0.4231,0.4113,1742697623974,0.0114,424260.7,177591.50173,177591.50173,0.4164,0.00144,0.4178517812121122,0.0001,4948766.6,,,,0.4123,0.4178
68,TRBUSDT,30.714,30.714,30.706,4.4,148.7,31.475,29.462,1742697623974,0.03862,155344.8,4745953.6693,4745953.6693,30.666,0.00157,30.7071192249118986,0.00005,109289.7,,,,29.572,30.713
69,QTUMUSDT,2.162,2.162,2.161,185.3,923.2,2.182,2.136,1742697623974,0.00652,131830.2,284791.981,284791.981,2.145,0.00793,2.159985394176924,0.0001,1170953.3,,,,2.148,2.161
70,API3USDT,1.2569,1.2569,1.2567,575.3,819.8,1.3882,0.8331,1742697623974,0.42151,43284487.7,53845381.86702,53845381.86702,1.2975,-0.03129,1.2579993922626974,-0.000512,9345108.3,,,,0.8842,1.257
71,MASKUSDT,2.178,2.179,2.178,277.8,1639.6,2.185,2.168,1742697623974,-0.00183,115302.1,251054.7449,251054.7449,2.173,0.0023,2.175623712496329,0.0001,7841552.1,,,,2.182,2.178
72,WOOUSDT,0.08962,0.08975,0.08968,12074.5,1487.2,0.09041,0.08522,1742697623974,0.04586,4596520.3,405359.360751,405359.360751,0.0881,0.01725,0.0896766994521149,0.0001,16893285,,,,0.08569,0.08963
73,GRTUSDT,0.097,0.09709,0.09698,1165.9,2750,0.0975,0.09438,1742697623974,0.02116,19542177.8,1877262.069519,1877262.069519,0.09547,0.01603,0.0970359250919789,0.0001,76077487.6,,,,0.09499,0.09703
74,BANDUSDT,0.81,0.811,0.8103,323.9,262.5,0.8261,0.773,1742697623974,0.04341,1656357.8,1346215.60458,1346215.60458,0.8012,0.01098,0.810071299733176,0.0001,1395790.8,,,,0.7763,0.81
75,STGUSDT,0.2236,0.2237,0.2235,4841,3563,0.2306,0.2192,1742697623974,0.00675,2076607,465305.1927,465305.1927,0.2304,-0.02951,0.2237249360996053,0.0001,5229046,,,,0.2221,0.2237
76,LUNCUSDT,0.00006387,0.00006391,0.00006387,3854336,30578672,0.00006572,0.00006308,1742697623974,-0.00669,5816454626,374437.05883132,374437.05883132,0.00006341,0.00725,0.000063955295883,0.0001,47471693923,,,,0.0000643,0.00006388
77,ONEUSDT,0.01188,0.01189,0.01188,36338,130827,0.01222,0.01156,1742697623974,0.01887,9142914,108619.23548,108619.23548,0.01199,-0.00917,0.0118833921094926,0.0001,131887425,,,,0.01166,0.01188
78,JASMYUSDT,0.012154,0.012154,0.012151,682647,97885,0.012871,0.011938,1742697623974,-0.02425,331207214,4087704.840605,4087704.840605,0.01215,0.00033,0.0121561388546991,0.0001,610152026,,,,0.012456,0.012154
79,MKRUSDT,1247.1,1247.1,1246.7,0.675,1.088,1263.6,1230.6,1742697623974,0.00516,678.988,846308.0096,846308.0096,1236,0.00898,1248.448341714164035,0.0001,5555.682,,,,1240.7,1247.3
80,BATUSDT,0.1507,0.1507,0.1506,4977.4,977.4,0.1522,0.1486,1742697623974,0.01209,957561,144059.79543,144059.79543,0.1498,0.00601,0.1505905357145139,0.0001,2696719.6,,,,0.1489,0.1506
81,MAGICUSDT,0.1449,0.1451,0.145,24130.9,5433.1,0.1508,0.1393,1742697623974,0.03352,2930398,423781.93246,423781.93246,0.1444,0.00346,0.1450792423970079,0.0001,6960563.7,,,,0.1402,0.1451
82,ALPHAUSDT,0.04011,0.04013,0.0401,12047,9371,0.04098,0.03819,1742697623974,0.04562,9220489,367064.89627,367064.89627,0.03994,0.00426,0.0401046927730895,0.0001,10398612,,,,0.03836,0.04011
83,LDOUSDT,1.0298,1.0298,1.0295,489.6,192.5,1.0387,1.0093,1742697623974,0.01189,1660987.8,1697229.29898,1697229.29898,1.0139,0.01568,1.0303994582274673,0.0001,6025397.6,,,,1.0177,1.0298
84,CELOUSDT,0.3734,0.3735,0.3734,8377.2,2613.8,0.3763,0.3619,1742697623974,0.02893,547114.6,203036.21628,203036.21628,0.3711,0.0062,0.3737592993895504,0.0001,2801077.6,,,,0.3629,0.3734
85,BLURUSDT,0.1117,0.1118,0.1116,19041.3,32228.1,0.1122,0.1076,1742697623974,0.02196,4092841.4,446444.59449,446444.59449,0.1092,0.02289,0.1117116142928824,0.0001,25572830.3,,,,0.1093,0.1117
86,MINAUSDT,0.2735,0.2733,0.2732,1196.4,1000,0.2761,0.2602,1742697623974,0.0487,990028.6,266310.52416,266310.52416,0.2668,0.02511,0.2731748843620043,0.0001,5129229.8,,,,0.2608,0.2734
87,COREUSDT,0.45433,0.45448,0.45433,2131.3,26.7,0.45844,0.44213,1742697623974,0.0231,1101129.9,496828.476785,496828.476785,0.45231,0.00502,0.4547349709415151,0.0001,3988047.5,,,,0.44407,0.45433
88,CFXUSDT,0.09219,0.0922,0.09214,28720,3811,0.09304,0.08658,1742697623974,0.06026,12432642,1116143.48464,1116143.48464,0.09089,0.0143,0.0922868103577108,0.0001,41926446,,,,0.08695,0.09219
89,ASTRUSDT,0.03264,0.03265,0.03263,29974,20248,0.03336,0.03245,1742697623974,0.00092,8825164,289523.13625,289523.13625,0.03265,-0.00031,0.032675302315446,0.0001,59940401,,,,0.03261,0.03265
90,GMXUSDT,14.65,14.64,14.63,68.5,49.64,14.66,14.34,1742697623974,0.01666,52784.6,764245.5151,764245.5151,14.47,0.01244,14.6457948938734986,0.0001,85526.22,,,,14.41,14.65
91,ANKRUSDT,0.01792,0.01792,0.01791,145934,15515,0.01829,0.01753,1742697623974,0.01818,15497588,277470.65613,277470.65613,0.0179,0.00112,0.01794,0.0001,105613615,,,,0.0176,0.01793
92,ACHUSDT,0.027788,0.027737,0.027727,4750,7531,0.028426,0.0267,1742697623974,0.03075,86499369,2373961.802928,2373961.802928,0.027319,0.01717,0.0277732975338406,-0.000113,94529421,,,,0.026959,0.027771
93,FETUSDT,0.5167,0.5169,0.5166,2213,371,0.5249,0.5035,1742697623974,0.02034,8138778,4186183.192,4186183.192,0.5134,0.00643,0.5176215183706836,0.0001,51328072,,,,0.5064,0.5173
94,FXSUSDT,2.08,2.082,2.08,319.25,589.23,2.212,2.071,1742697623974,-0.04192,185199.54,397524.52315,397524.52315,2.079,0.00048,2.0807972074022064,0.0001,365800.09,,,,2.171,2.08
95,HOOKUSDT,0.1447,0.1447,0.1446,6213.6,762.5,0.1483,0.1419,1742697623974,0.01402,836051.63,121763.197426,121763.197426,0.1448,-0.00069,0.1446303630578954,0.0001,2209003.56,,,,0.1427,0.1446
96,SSVUSDT,8.175,8.175,8.174,1510.65,562.22,8.257,7.775,1742697623974,0.04379,75286.85,602668.23664,602668.23664,7.92,0.03245,8.1893368979659539,0.0001,268410.66,,,,7.832,8.185
97,USDCUSDT,0.9993,0.9996,0.999,67421,17456.4,1,0.999,1742697623974,-0.0001,365939.9,365726.19748,365726.19748,0.9992,0.0001,1.0001115973310372,-0.000042,1923271.5,,,,0.9994,0.9993
98,LQTYUSDT,0.7443,0.7444,0.7441,167.5,449.9,0.7644,0.7359,1742697623974,0.00744,356762.8,268186.12897,268186.12897,0.739,0.00717,0.7450437841456731,0.0001,1081645.7,,,,0.7388,0.7448
99,STXUSDT,0.6242,0.6246,0.6242,3419.7,261.1,0.6329,0.6174,1742697623974,0.00564,1091472.2,682069.54314,682069.54314,0.6204,0.00613,0.6245454868084031,0.0001,10552728.2,,,,0.6207,0.6244
100,TRUUSDT,0.03982,0.03985,0.03981,8250,11454,0.03985,0.03768,1742697623974,0.05344,8306555,323254.25468,323254.25468,0.03921,0.01632,0.0398040614823154,0.0001,19019529,,,,0.0378,0.03981
101,HBARUSDT,0.18251,0.18251,0.18248,79848,3036,0.18634,0.18132,1742697623974,-0.00718,43899883,8046761.47315,8046761.47315,0.18255,-0.00049,0.1824994038540119,0.0001,407058749,,,,0.18383,0.18251
102,INJUSDT,9.996,9.997,9.993,87.1,48,10.049,9.637,1742697623974,0.03158,281873,2789579.9295,2789579.9295,9.894,0.01021,10.0050829857133338,-0.000345,2606352.8,,,,9.69,9.995
103,BELUSDT,0.6581,0.658,0.6574,255,706,0.6806,0.6167,1742697623974,0.05617,1134711,737442.0314,737442.0314,0.6559,0.00335,0.6581330503274683,0.0001,1359406,,,,0.6231,0.6581
104,COTIUSDT,0.07541,0.07544,0.07542,3273,17932,0.0758,0.07209,1742697623974,0.04071,8257483,611919.1895,611919.1895,0.07431,0.0148,0.0755103256302812,0.0001,38600172,,,,0.07246,0.07541
105,VETUSDT,0.02549,0.02549,0.025478,22701,2993,0.026057,0.025077,1742697623974,0.01099,49126697,1254170.66179,1254170.66179,0.02534,0.00592,0.0254595066481726,0.000184,1231727291,,,,0.025213,0.02549
106,ARBUSDT,0.3705,0.3705,0.3704,3643.46,19145.4,0.3726,0.3604,1742697623974,0.02348,9143131,3367813.901949,3367813.901949,0.365,0.01507,0.3706239155375693,0.0001,40374232.09,,,,0.362,0.3706
107,LOOKSUSDT,0.01546,0.01547,0.01546,25995.8,16070.8,0.01574,0.01522,1742697623974,0.01112,18307198.4,284491.401119,284491.401119,0.01559,-0.00834,0.01550712515766,0.0001,70269674,,,,0.01529,0.01547
108,KAIAUSDT,0.1081,0.1083,0.1082,2478.5,2479.5,0.1089,0.1069,1742697623974,0.01123,1028211.4,111213.00775,111213.00775,0.1082,-0.00092,0.1082907996339494,0.00005,11687696,,,,0.1069,0.1082
109,FLMUSDT,0.03527,0.03529,0.03525,8428,8421,0.03624,0.03413,1742697623974,0.02948,7589032,268900.83505,268900.83505,0.03527,0,0.0352807466867068,0.00005,11260130,,,,0.03426,0.03527
110,CKBUSDT,0.005392,0.005391,0.005384,49599,50619,0.005965,0.004992,1742697623974,0.07325,369323687,2016353.932125,2016353.932125,0.005452,-0.01101,0.0053924578764166,0.0001,855979319,,,,0.005024,0.005392
111,IDUSDT,0.2608,0.2603,0.2601,4706,1006.22,0.2674,0.2572,1742697623974,0.00773,2662581.57,696263.368234,696263.368234,0.266,-0.01955,0.2607157192906117,0.0001,7279169.84,,,,0.2588,0.2607
112,JOEUSDT,0.1939,0.194,0.1938,3664,5338.5,0.196,0.1892,1742697623974,0.02322,450413.8,86981.29724,86981.29724,0.192,0.0099,0.1939,0.0001,4349055.5,,,,0.1895,0.1939
113,TLMUSDT,0.006053,0.006056,0.006052,21500,20000,0.006185,0.005752,1742697623974,0.04705,54207437,324078.208665,324078.208665,0.005982,0.01187,0.0060529162472363,0.0001,60142607,,,,0.005781,0.006053
114,HOTUSDT,0.001116,0.001117,0.001116,114128,525760,0.001128,0.001095,1742697623974,0.01455,40481050,45202.084635,45202.084635,0.001109,0.00631,0.0011164488156954,0.0001,358749390,,,,0.0011,0.001117
115,CHRUSDT,0.1077,0.1075,0.1074,3283,3268.1,0.1095,0.1047,1742697623974,0.02865,782842.2,84251.22685,84251.22685,0.1076,0.00093,0.1075474696784838,0.0001,16754710.3,,,,0.1047,0.1076
116,RDNTUSDT,0.02636,0.02637,0.02635,22781,9398,0.02699,0.02594,1742697623974,-0.00491,6245922,165189.61358,165189.61358,0.0262,0.00611,0.0264001597041889,0.0001,52273819,,,,0.02649,0.02638
117,ICXUSDT,0.1027,0.103,0.1029,1302,7726,0.1034,0.1011,1742697623974,0.01182,855000,87249.8421,87249.8421,0.1019,0.00785,0.1027648532620033,0.0001,7469384,,,,0.1015,0.1028
118,ONTUSDT,0.1527,0.1528,0.1526,5710.8,25901,0.1549,0.1494,1742697623974,0.018,1434107.3,218554.79834,218554.79834,0.1527,0,0.1526606502808115,0.0001,2868443.1,,,,0.15,0.1527
119,NKNUSDT,0.04818,0.04819,0.04817,4000,6689,0.04902,0.04655,1742697623974,0.02927,4416582,211876.99773,211876.99773,0.04773,0.00943,0.0482115333659417,0.0001,2543794,,,,0.04681,0.0482
120,ARPAUSDT,0.03,0.03001,0.02999,9404,14421,0.0326,0.02942,1742697623974,-0.03444,78218994,2406007.64952,2406007.64952,0.0305,-0.01672,0.0300283757142073,0.0001,26222140,,,,0.03107,0.03
121,SFPUSDT,0.5373,0.5374,0.5372,11.2,2.6,0.5447,0.5348,1742697623974,-0.00389,626660.8,338700.30889,338700.30889,0.5387,-0.0026,0.5374003577416848,0.0001,672701.6,,,,0.5394,0.5373
122,CTSIUSDT,0.07556,0.0756,0.0755,2000,7259,0.0771,0.07344,1742697623974,0.02635,6585027,493289.23091,493289.23091,0.07501,0.00733,0.0756,0.0001,1609555,,,,0.07362,0.0756
123,SKLUSDT,0.02804,0.02804,0.02803,5000,35966,0.02866,0.02755,1742697623974,0.01118,8194199,229300.66097,229300.66097,0.02765,0.0141,0.0280793237320258,0.0001,23182686,,,,0.02773,0.02805
124,RVNUSDT,0.01226,0.01226,0.01225,50000,25141,0.01262,0.01224,1742697623974,-0.01447,4898847,60940.94853,60940.94853,0.01238,-0.00969,0.0122495110399535,0.0001,88988780,,,,0.01244,0.01226
125,CELRUSDT,0.01071,0.01071,0.01069,538898,50000,0.01083,0.01013,1742697623974,0.05103,17649447,186742.7481,186742.7481,0.01069,0.00187,0.0107020505851674,0.0001,43109618,,,,0.01019,0.01071
126,FLOKIUSDT,0.00006306,0.00006309,0.00006304,20250000,15000000,0.00006388,0.00006143,1742697623974,0.01481,12584630493,789440.87886738,789440.87886738,0.0000621,0.01546,0.0000630720211144,0.0001,80988016649,,,,0.00006214,0.00006306
127,SPELLUSDT,0.0006724,0.0006742,0.0006739,181806,192500,0.0006946,0.0006635,1742697623974,-0.0204,753162356,511302.3194563,511302.3194563,0.0006689,0.00523,0.0006738956630214,0.0001,1519068515,,,,0.0006864,0.0006739
128,SUIUSDT,2.2705,2.2701,2.2699,6709.9,1000,2.3092,2.2412,1742697623974,0.00754,8974151.8,20436385.35787,20436385.35787,2.2636,0.00305,2.269635630624653,0.0001,34408786.1,,,,2.2535,2.2698
129,PEPEUSDT,0.0000071675,0.0000071695,0.0000071676,146871000,5287335000,0.0000074,0.0000070125,1742697623974,-0.01863,4914103893000,35547928.4934591,35547928.4934591,0.0000070648,0.01454,0.0000071684707578,0.0001,7397080841312,,,,0.0000073036,0.0000071689
130,IOTXUSDT,0.01713,0.01714,0.01712,114256,27250,0.01758,0.01704,1742697623974,-0.00407,10122832,175248.86934,175248.86934,0.01716,-0.00175,0.0171382561977521,0.0001,474988237,,,,0.0172,0.01714
131,UMAUSDT,1.455,1.455,1.454,8.5,1793.8,1.667,1.246,1742697623974,0.16029,4076980.2,6253049.7505,6253049.7505,1.467,-0.00818,1.4561972823776925,0.00005,1787741.6,,,,1.254,1.455
132,TURBOUSDT,0.002339,0.00234,0.002338,232229,1995963,0.0027,0.002217,1742697623974,0.04606,1217141698,3007379.26588,3007379.26588,0.002333,0.00257,0.0023393036315155,0.00005,1676851043,,,,0.002236,0.002339
133,BSVUSDT,34.31,34.33,34.3,3.75,17.47,35.25,33.69,1742697623974,0.01329,11756.73,401467.9124,401467.9124,34.08,0.00675,34.328840636660704,0.00005,78379.59,,,,33.86,34.32
134,TONUSDT,3.6552,3.6562,3.6552,709.3,191.3,3.6943,3.575,1742697623974,0.01522,785044.4,2854300.76077,2854300.76077,3.6666,-0.00311,3.6578431664106603,0.00005,3588759.3,,,,3.6004,3.6554
135,GTCUSDT,0.3703,0.3709,0.3701,312.4,400,0.3854,0.3582,1742697623974,0.02918,1152260.8,430276.33643,430276.33643,0.3686,0.00461,0.370516705277896,0.0001,812557.5,,,,0.3598,0.3705
136,DENTUSDT,0.0008024,0.0008029,0.000802,189733,100000,0.0008055,0.0007777,1742697623974,0.02412,557830180,442135.0213846,442135.0213846,0.0007917,0.01326,0.000802959700674,0.0001,425714914,,,,0.0007835,0.000803
137,ZENUSDT,8.732,8.74,8.735,45.9,221.3,9.085,8.565,1742697623974,-0.01043,69100.8,615277.4268,615277.4268,8.808,-0.00863,8.7394594350884353,0.0001,211134.2,,,,8.824,8.733
138,PHBUSDT,0.6084,0.6086,0.6082,421.9,1470,0.6178,0.5783,1742697623974,0.0416,619337.3,373884.16735,373884.16735,0.5914,0.02875,0.6086517349491351,0.0001,827215.8,,,,0.5841,0.6087
139,ORDIUSDT,10.081,10.081,10.078,708.9,48.42,10.32,9.602,1742697623974,0.04586,273234.96,2756984.54709,2756984.54709,10.115,-0.00336,10.0802793341734379,0.00006,2642431.16,,,,9.639,10.081
140,1000BONKUSDT,0.012443,0.012455,0.012443,165270,3680,0.013028,0.011971,1742697623974,0.03107,196764661,2446108.670781,2446108.670781,0.012104,0.02801,0.0124490464853155,0.00005,572313340,,,,0.012068,0.012444
141,LEVERUSDT,0.000997,0.000998,0.000996,551780,1255520,0.001102,0.000919,1742697623974,0.0837,895355826,894393.072051,894393.072051,0.001011,-0.01385,0.0009957438867331,0.0001,694070216,,,,0.00092,0.000996
142,USTCUSDT,0.01311,0.01311,0.0131,26883,60000,0.01347,0.01287,1742697623974,0.01628,17361159,227291.96836,227291.96836,0.01297,0.01079,0.0131095701358688,0.00005,36741105,,,,0.0129,0.01311
143,RADUSDT,0.8212,0.8215,0.8206,155,312.8,0.8891,0.8026,1742697623974,0.01911,658735.6,548317.22829,548317.22829,0.8218,-0.00073,0.822405851946761,0.0001,482694.1,,,,0.8058,0.8216
144,QNTUSDT,77.63,77.62,77.56,3.27,1.81,78.75,75.53,1742697623974,0.02347,6433.5,496220.4023,496220.4023,77.09,0.007,77.6332956340863475,0.0001,37837.33,,,,75.85,77.64
145,MAVUSDT,0.08115,0.08118,0.08111,1000,1196.7,0.08163,0.0742,1742697623974,0.07884,4916889.9,385686.7392186,385686.7392186,0.07837,0.03547,0.0812861356506969,0.0001,3239585.45,,,,0.07522,0.08121
146,XVGUSDT,0.005094,0.005096,0.005094,25610,30985,0.00531,0.004957,1742697623974,0.02289,79401407,406756.025066,406756.025066,0.005096,-0.00039,0.0051006927425552,0.0001,173141774,,,,0.00498,0.005098
147,1000XECUSDT,0.02185,0.02187,0.02186,244,76308,0.02204,0.02163,1742697623974,0.00599,11548976,252290.12597,252290.12597,0.02174,0.00506,0.02186,0.0001,12893780,,,,0.02172,0.02186
148,AGLDUSDT,0.9989,0.999,0.9988,200,151,1.0822,0.9926,1742697623974,-0.064,2381450.5,2457680.35787,2457680.35787,1.0176,-0.01838,0.9994742510233411,0.0001,2601661.9,,,,1.0672,0.9992
149,WLDUSDT,0.8303,0.8307,0.8304,8062,1977,0.8461,0.8198,1742697623974,0.00716,2209159,1837937.8044,1837937.8044,0.8258,0.00545,0.8305356440313987,0.0001,32660252,,,,0.8244,0.8309
150,PENDLEUSDT,2.7077,2.7089,2.7077,779,162,2.7275,2.5588,1742697623974,0.05133,591753,1571192.7344,1571192.7344,2.6394,0.02588,2.7092821733301046,0.0001,1427872,,,,2.5755,2.7077
151,ARKMUSDT,0.6299,0.63,0.6297,3759,24768,0.634,0.5717,1742697623974,0.09949,5785758,3539827.7006,3539827.7006,0.6258,0.00655,0.6303669771197783,0.000038,8648693,,,,0.5729,0.6299
152,CVXUSDT,2.184,2.184,2.181,226.1,198,2.19,2.015,1742697623974,0.08172,138139.94,289351.5261,289351.5261,2.14,0.02056,2.181890388654119,0.00005,325965,,,,2.019,2.182
153,YGGUSDT,0.2063,0.2064,0.2062,2000,3319.4,0.2064,0.1988,1742697623974,0.03512,6717158,1354585.73394,1354585.73394,0.2037,0.01276,0.2064647196275162,0.00005,4890364.5,,,,0.1993,0.2063
154,OGNUSDT,0.06644,0.06649,0.06642,3900,3000,0.0668,0.06421,1742697623974,0.03056,5791343,381744.67889,381744.67889,0.06566,0.01188,0.0665002770497524,0.0001,4819331,,,,0.06447,0.06648
155,LPTUSDT,5.637,5.638,5.636,46.4,67,6.012,5.372,1742697623974,0.04215,168965,964257.3051,964257.3051,5.609,0.00499,5.6446652433546647,-0.000092,640371.1,,,,5.409,5.637
156,BNTUSDT,0.4097,0.4098,0.4094,645,515,0.4195,0.4037,1742697623974,0.01185,640995,264448.7796,264448.7796,0.4103,-0.00146,0.4097036429668384,0.0001,1436336,,,,0.4049,0.4097
157,SEIUSDT,0.19354,0.19354,0.19343,3064,174875,0.19713,0.19096,1742697623974,0.00603,13899072,2699666.62912,2699666.62912,0.19239,0.00598,0.1936889137367885,-0.000057,149663638,,,,0.19238,0.19354
158,CYBERUSDT,1.5018,1.5025,1.501,100,1527.5,1.6801,1.3283,1742697623974,0.12562,1093282.4,1674248.82436,1674248.82436,1.4787,0.01562,1.5020710043514541,0.00005,965933.4,,,,1.3342,1.502
159,BAKEUSDT,0.142,0.1421,0.1419,16147,2475,0.1474,0.1409,1742697623974,-0.00421,2411095.4,347725.55829,347725.55829,0.143,-0.00699,0.1422591465288976,0.00005,12474297.6,,,,0.1426,0.1422
160,BIGTIMEUSDT,0.05335,0.05336,0.05332,45065,10500,0.05481,0.05072,1742697623974,0.03032,42308747,2214244.17232,2214244.17232,0.05371,-0.0067,0.0533075650262557,0.00005,113487310,,,,0.05178,0.05331
161,WAXPUSDT,0.02442,0.02443,0.02441,24687,43400,0.02472,0.02263,1742697623974,0.07577,17049571,408848.48461,408848.48461,0.02382,0.02519,0.0244448172481851,0.00005,25410250,,,,0.0227,0.02442
162,POLYXUSDT,0.1361,0.1362,0.136,4274,4247,0.1368,0.1328,1742697623974,0.02101,2450848,329451.7585,329451.7585,0.1341,0.01491,0.1362157648192192,0.00005,9139609,,,,0.1333,0.1361
163,TIAUSDT,3.3512,3.3514,3.3504,357.6,1351.5,3.4933,3.2943,1742697623974,0.01196,732469,2488246.00793,2488246.00793,3.3788,-0.00817,3.3522761311102244,0.00005,4477997.4,,,,3.3116,3.3512
164,MEMEUSDT,0.002468,0.002471,0.002468,439462,1433291,0.002532,0.002368,1742697623974,0.0361,171942012,423226.114099,423226.114099,0.002427,0.01689,0.0024700005987628,0.00005,341396637,,,,0.002382,0.002469
165,PYTHUSDT,0.1624,0.1625,0.1623,7693,9697,0.163,0.1499,1742697623974,0.07979,3618673,568964.0833,568964.0833,0.1615,0.00557,0.1623948488625082,0.00005,85247297,,,,0.1504,0.1624
166,JTOUSDT,2.1298,2.13,2.1297,498,58,2.1769,2.1126,1742697623974,0.00339,432845,927375.0604,927375.0604,2.1277,0.00099,2.1320326166046305,0.00005,830426,,,,2.1226,2.1302
167,1000SATSUSDT,0.0001251,0.0001252,0.000125,6994762,13052809,0.0001282,0.0001243,1742697623974,0.0008,40009593714,5025993.4705036,5025993.4705036,0.0001252,-0.0008,0.0001248945496052,0.00005,553285896737,,,,0.000125,0.0001251
168,1000RATSUSDT,0.0308,0.03085,0.03081,11851,33904,0.03203,0.02727,1742697623974,0.12327,66182122,1986586.27132,1986586.27132,0.03166,-0.02716,0.0308407302606382,0.00005,86373142,,,,0.02742,0.0308
169,ACEUSDT,0.7201,0.7202,0.7197,358.89,358.89,0.7338,0.6969,1742697623974,0.02827,654144.55,469536.399429,469536.399429,0.7128,0.01024,0.7210908042753447,0.00005,1591282.52,,,,0.7003,0.7203
170,XAIUSDT,0.06876,0.0688,0.06877,595,9256,0.06982,0.06588,1742697623974,0.03851,5829518,398473.27931,398473.27931,0.06769,0.01581,0.068827484229427,0.00005,24986340,,,,0.06621,0.0688
171,MANTAUSDT,0.2756,0.2756,0.2755,2361,690.7,0.2815,0.2611,1742697623974,0.04831,2620608,719255.52484,719255.52484,0.2704,0.01923,0.2755074674009196,0.00005,8404353.6,,,,0.2629,0.2756
172,ALTUSDT,0.04062,0.04062,0.0406,96395,6933,0.04251,0.03937,1742697623974,0.01754,17975438,727736.39905,727736.39905,0.04009,0.01322,0.0406210865933075,0.00005,33894764,,,,0.03992,0.04062
173,JUPUSDT,0.5305,0.5306,0.5304,14971,19487,0.5349,0.5133,1742697623974,0.0277,2325614,1221437.4423,1221437.4423,0.5221,0.01609,0.5309499565300403,0.00004,26429370,,,,0.5162,0.5305
174,ZETAUSDT,0.3786,0.3789,0.3786,3565,4608,0.3976,0.2459,1742697623974,0.48704,217399926,70848773.6869,70848773.6869,0.3559,0.0635,0.3938731019853634,-0.0099,50136541,,,,0.2546,0.3785
175,STRKUSDT,0.1683,0.1684,0.1682,73931.7,200951.7,0.1689,0.1613,1742697623975,0.03506,4804934.7,801594.11085,801594.11085,0.1669,0.00779,0.1683877280045155,0.00005,27632842.3,,,,0.1626,0.1682
176,PIXELUSDT,0.03819,0.0382,0.03818,19107,5842,0.03878,0.03686,1742697623975,0.03049,15503364,590001.37305,590001.37305,0.03771,0.01273,0.0382016728933851,0.00005,20263328,,,,0.03706,0.03819
177,DYMUSDT,0.3756,0.3758,0.3754,3888.8,301304.9,0.3927,0.3701,1742697623975,-0.00213,1152957.3,438879.6984,438879.6984,0.3739,0.00455,0.3759800448484051,-0.000013,7571935.8,,,,0.3764,0.3756
178,WIFUSDT,0.5137,0.5143,0.514,734.3,13423.9,0.5283,0.4861,1742697623975,0.04858,11250572.4,5794140.82419,5794140.82419,0.5076,0.01202,0.5139855375286364,0.00005,90207422.2,,,,0.4899,0.514
179,AXLUSDT,0.4181,0.4179,0.4176,325,2622,0.4327,0.4022,1742697623975,0.03541,1148035,479654.2283,479654.2283,0.4156,0.00602,0.4179652367107604,0.00005,8434156,,,,0.4038,0.418
180,BEAMUSDT,0.008227,0.008227,0.008217,27863,256887,0.009098,0.007416,1742697623975,0.09825,917351108,7628748.611088,7628748.611088,0.008416,-0.02246,0.0082177744052701,-0.000011,350551909,,,,0.007491,0.008225
181,BOMEUSDT,0.001459,0.001461,0.00146,549464,2805000,0.001618,0.001346,1742697623975,0.07834,1486684276,2220087.253573,2220087.253573,0.001427,0.02242,0.0014624858075088,0.00005,2457081481,,,,0.001353,0.001461
182,METISUSDT,18,18,17.99,7,23.97,18.33,17.57,1742697623975,0.01752,5541.14,99517.828,99517.828,17.89,0.00615,18.002035070595255,0.00005,86314.39,,,,17.69,18
183,NFPUSDT,0.0838,0.0842,0.0841,2428.2,7719.9,0.0872,0.082,1742697623975,0.02195,3324847.9,285057.45813,285057.45813,0.0842,-0.00475,0.0842067647558841,0.00005,2735256.7,,,,0.082,0.0842
184,VANRYUSDT,0.03129,0.03138,0.03136,4165,9500,0.03188,0.02741,1742697623975,0.13534,18994759,566483.09321,566483.09321,0.02992,0.04579,0.0314194928996782,0.00005,43024612,,,,0.02756,0.03137
185,AEVOUSDT,0.13,0.1301,0.13,12114,2116.4,0.1367,0.1204,1742697623975,0.07527,4961968.9,636054.04486,636054.04486,0.1285,0.01167,0.1301757308907859,0.00005,11739111.7,,,,0.1209,0.1301
186,ETHFIUSDT,0.6665,0.6671,0.6666,839.8,544.8,0.68,0.6461,1742697623975,0.02728,426965.9,285377.31518,285377.31518,0.6583,0.01246,0.6664470241308903,0.00005,6278565.6,,,,0.6488,0.6665
187,OMUSDT,6.32256,6.32184,6.3189,77.1,27.7,6.4428,6.1266,1742697623975,0.0305,465642.9,2939071.577528,2939071.577528,6.2636,0.00941,6.3225455840717912,0.00005,4217981.3,,,,6.1354,6.32256
188,ONDOUSDT,0.8277,0.8277,0.8276,12517.1,643.9,0.8404,0.821,1742697623975,0,8992107.1,7486882.2011,7486882.2011,0.8285,-0.00097,0.8277151952158415,0.00005,97251198.6,,,,0.8277,0.8277
189,CAKEUSDT,2.6552,2.6545,2.6539,385,203.9,2.8498,2.5737,1742697623975,0.01939,3905799.3,10473382.3101,10473382.3101,2.7315,-0.02793,2.6552888540011312,0.00005,4054315.7,,,,2.6047,2.655
190,PORTALUSDT,0.0982,0.0982,0.0981,4486.6,1468.9,0.1005,0.0953,1742697623975,0.02935,609431.9,59997.59045,59997.59045,0.0977,0.00512,0.0980409806549996,0.00005,7470999,,,,0.0954,0.0982
191,NTRNUSDT,0.1498,0.1499,0.1497,4000,6643,0.1546,0.1412,1742697623975,0.06091,1744600,258612.7514,258612.7514,0.1482,0.0108,0.1498719356667425,0.00005,2034521,,,,0.1412,0.1498
192,KASUSDT,0.08019,0.08023,0.08018,6567,10586,0.0809,0.078,1742697623975,0.02335,29751334,2363372.95142,2363372.95142,0.07976,0.00539,0.0802522902699045,0.00005,442747468,,,,0.07836,0.08025
193,AIUSDT,0.19079,0.19079,0.19064,343,19083,0.1973,0.18448,1742697623975,0.03091,4095187,786578.00922,786578.00922,0.18941,0.00729,0.1908535406321846,0.00005,1668415,,,,0.18507,0.19079
194,ENAUSDT,0.3599,0.3599,0.3598,39316,981,0.3637,0.3509,1742697623975,0.01209,16979803,6064083.8131,6064083.8131,0.3558,0.01152,0.3597644041879874,0.00005,125553818,,,,0.3556,0.3599
195,WUSDT,0.09652,0.09652,0.09646,6667.1,6566.7,0.09795,0.08476,1742697623975,0.13061,39291478,3592428.158609,3592428.158609,0.08904,0.08401,0.0966935655076702,-0.000671,36641134.4,,,,0.08537,0.09654
196,CVCUSDT,0.098,0.09804,0.09798,8662,1419,0.10042,0.09725,1742697623975,0.00194,6382031,632660.06117,632660.06117,0.09809,-0.00092,0.0980311505232237,0.0001,5603244,,,,0.09781,0.09803
197,TNSRUSDT,0.2015,0.2013,0.2012,3232.9,1437.5,0.2044,0.197,1742697623975,-0.00149,1203731.3,241511.04275,241511.04275,0.1992,0.01155,0.2013233557103725,0.00005,9089498.9,,,,0.2018,0.2014
198,SAGAUSDT,0.3839,0.3841,0.3838,1521.7,1483.8,0.3849,0.3561,1742697623975,0.07145,1901318.8,715701.77117,715701.77117,0.3747,0.02455,0.3841645343256668,0.00005,4618777.4,,,,0.3583,0.3839
199,TAOUSDT,251.38,251.44,251.34,1.442,0.623,254.75,246.44,1742697623975,0.00923,17245.236,4329484.66686,4329484.66686,248.03,0.01351,251.4397418587656206,0.00005,212148.703,,,,249.08,251.43
200,RAYUSDT,1.7618,1.763,1.7615,77.5,705.2,1.8146,1.7283,1742697623975,-0.00867,1075847.7,1910368.61067,1910368.61067,1.7483,0.00772,1.7618734107629293,0.00005,3918205.7,,,,1.7772,1.7618
201,ATAUSDT,0.06013,0.06017,0.0601,891,1001,0.0648,0.05741,1742697623975,0.03104,6811032,414516.99803,414516.99803,0.05986,0.00451,0.060198646169204,0.0001,4859050,,,,0.05832,0.0602
202,SUPERUSDT,0.4542,0.4544,0.4543,272,275,0.4737,0.445,1742697623975,0.01543,433417,198752.7275,198752.7275,0.458,-0.0083,0.4546164893489609,0.00005,2524171,,,,0.4473,0.4543
203,ONGUSDT,0.219,0.2191,0.2189,1689,3123,0.2236,0.2172,1742697623975,0.00459,352514,77724.053,77724.053,0.2193,-0.00137,0.2192102573913198,0.00005,788517,,,,0.218,0.2191
204,OMNI1USDT,3.423,3.422,3.42,89.76,552.81,3.536,3.288,1742697623975,0.03633,121208.42,410814.82296,410814.82296,3.385,0.01123,3.4213039251604814,0.00005,88412.47,,,,3.303,3.422
205,LSKUSDT,0.5658,0.5655,0.5654,140,225,0.5741,0.5566,1742697623975,0.01325,768784,435393.1772,435393.1772,0.5613,0.00802,0.565809973981929,0.00005,1261045,,,,0.5584,0.5658
206,GLMUSDT,0.2825,0.2826,0.2824,3477,1000,0.2896,0.2776,1742697623975,0.01182,1857517,525636.3996,525636.3996,0.2858,-0.01155,0.2826705547099032,0.000045,3830115,,,,0.2792,0.2825
207,REZUSDT,0.01813,0.01815,0.01813,33250,54382,0.01868,0.01789,1742697623975,0.00221,112101361,2044187.18982,2044187.18982,0.01807,0.00332,0.0181415283892359,0.00005,145834074,,,,0.01809,0.01813
208,XVSUSDT,5.945,5.944,5.941,27.5,27.5,6.085,5.908,1742697623975,-0.00385,122192.1,732593.6625,732593.6625,5.949,-0.00067,5.9425163517738135,0.0001,138821.5,,,,5.968,5.945
209,MOVRUSDT,6.371,6.373,6.369,40.78,9.24,6.671,6.049,1742697623975,0.03982,178840.46,1120102.98007,1120102.98007,6.475,-0.01606,6.373973976965256,0.00005,95645.21,,,,6.127,6.371
210,BBUSDT,0.14852,0.14859,0.14847,752,8077,0.15251,0.1286,1742697623975,0.14989,128658547,18672189.59269,18672189.59269,0.14667,0.01261,0.1489308073253351,-0.00039,8594927,,,,0.12916,0.14866
211,NOTUSDT,0.002486,0.002488,0.002486,531670,3051970,0.002666,0.00246,1742697623975,0.00607,5485545460,14082716.50149,14082716.50149,0.002529,-0.017,0.0024836519088594,0.00005,9059469136,,,,0.002471,0.002486
212,BICOUSDT,0.1267,0.1267,0.1266,2752,5470,0.1292,0.1203,1742697623975,0.04624,3024221,381541.105,381541.105,0.1266,0.00079,0.1265931155118398,0.0001,3313465,,,,0.1211,0.1266
213,HIFIUSDT,0.3272,0.3274,0.3273,749,375,0.3346,0.3243,1742697623975,-0.00426,1035724,341014.5246,341014.5246,0.3271,0.00031,0.3276849857595938,0.00005,3215670,,,,0.3286,0.3273
214,IOUSDT,0.8381,0.8388,0.838,386,77,0.8438,0.7935,1742697623975,0.0521,907371,750542.0515,750542.0515,0.8276,0.01269,0.8391659763589251,0.00005,2987171,,,,0.7966,0.8384
215,TAIKOUSDT,0.7713,0.7715,0.7712,373,557,0.8856,0.7608,1742697623975,-0.07805,32688050,27175148.2282,27175148.2282,0.8129,-0.05117,0.7719505774070491,0.0001,2107615,,,,0.8366,0.7713
216,BRETTUSDT,0.03373,0.03372,0.0337,20920,10070,0.03472,0.03195,1742697623975,0.04784,162593420,5462012.5925,5462012.5925,0.03353,0.00596,0.0336917407578906,0.00005,262750140,,,,0.03219,0.03372
217,ATHUSDT,0.03455,0.03456,0.03453,9490,300,0.03529,0.03302,1742697623975,0.03536,67952860,2318464.8982,2318464.8982,0.03347,0.03227,0.0345585478360951,0.00005,103764581,,,,0.03337,0.03455
218,ZKUSDT,0.0791,0.0792,0.0791,6926,28912,0.0824,0.0728,1742697623975,0.08505,50232916,3937371.6531,3937371.6531,0.0801,-0.01248,0.0790548257145712,0.00005,50850031,,,,0.0729,0.0791
219,MEWUSDT,0.002079,0.00208,0.002078,1104700,407400,0.002097,0.001948,1742697623975,0.06561,822821500,1674441.1445,1674441.1445,0.00207,0.00435,0.0020818130090191,0.00005,794773655,,,,0.001951,0.00208
220,LISTAUSDT,0.2001,0.2001,0.1999,3803,1050,0.204,0.1946,1742697623975,0.02353,8272674,1646531.347,1646531.347,0.1986,0.00755,0.1998015578271919,0.00005,42055352,,,,0.1955,0.2
221,ZROUSDT,3.175,3.176,3.174,497,906,3.667,3.06,1742697623975,0.0209,26521700,88774590.579,88774590.579,3.32,-0.04367,3.1797486488798905,-0.000186,4076815,,,,3.11,3.176
222,BLASTUSDT,0.00363,0.003631,0.003629,14000,40000,0.003917,0.003343,1742697623975,0.05126,1756154540,6307028.20116,6307028.20116,0.003728,-0.02629,0.0036486684954538,-0.000798,450202379,,,,0.003453,0.003631
223,DOGUSDT,0.001911,0.001911,0.00191,130400,130700,0.001986,0.001861,1742697623975,-0.024,273849100,528011.5881,528011.5881,0.00187,0.02193,0.0019138706936996,0.00005,7703953538,,,,0.001958,0.001912
224,PAXGUSDT,3053,3055,3053,65.515,1.002,3055,3044,1742697623975,0.0023,278.949,850578.223,850578.223,3053,0,3049.5436653588464831,0.000204,1213.747,,,,3046,3053
225,ZKJUSDT,2.086,2.086,2.0856,811,2439,2.086,2.0603,1742697623975,0.01041,238448,493378.5745,493378.5745,2.0694,0.00802,2.0846199407079027,0.0001,1664470,,,,2.0645,2.0851
226,BGBUSDT,4.741,4.743,4.74,381,2,4.761,4.644,1742697623975,0.01586,1176384,5539063.408,5539063.408,4.705,0.00765,4.7399458013215237,0.0001,22055443,,,,4.667,4.741
227,MOCAUSDT,0.10178,0.10181,0.10171,1300,1985,0.11458,0.10097,1742697623975,-0.01376,81118069,8784908.39511,8784908.39511,0.10436,-0.02472,0.1016707996252392,0.00005,25290495,,,,0.1032,0.10176
228,GASUSDT,2.979,2.98,2.978,256.8,36.5,2.998,2.905,1742697623975,0.02442,546537,1622298.7764,1622298.7764,2.974,0.00168,2.9801843501226749,0.00005,213590.3,,,,2.908,2.979
229,UXLINKUSDT,0.4858,0.4859,0.4858,2218.2,12.9,0.5116,0.4826,1742697623975,-0.02056,6560259,3268700.26077,3268700.26077,0.4992,-0.02684,0.485913125962201,0.00005,12763922.4,,,,0.496,0.4859
230,BANANAUSDT,24.945,24.948,24.929,2.1,33.58,27.912,22.395,1742697623975,0.1043,438501.13,11052061.75682,11052061.75682,24.929,0.00064,24.9668966364537299,0.00005,182424.89,,,,22.589,24.945
231,MYROUSDT,0.01861,0.01864,0.01861,24153,103971,0.01892,0.01774,1742697623975,0.04025,88837648,1636607.90638,1636607.90638,0.01848,0.00703,0.0186205944676598,0.00005,48145668,,,,0.01789,0.01862
232,POPCATUSDT,0.2065,0.2068,0.2067,3021,20509,0.2185,0.1927,1742697623975,0.06443,37017667,7660384.3779,7660384.3779,0.1997,0.03405,0.2068664033252775,0.00005,58136103,,,,0.194,0.2066
233,PRCLUSDT,0.1087,0.1089,0.1087,4422,9407,0.1133,0.1054,1742697623975,-0.03975,6352887,694425.2629,694425.2629,0.1091,-0.00367,0.108987808497196,0.0001,8436750,,,,0.1132,0.1088
234,CLOUDUSDT,0.0896,0.0897,0.0895,4758,5788,0.0936,0.0886,1742697623975,-0.03966,6943941,634617.3478,634617.3478,0.0894,0.00224,0.0896774960378684,0.0001,3706889,,,,0.0933,0.0897
235,AVAILUSDT,0.04059,0.04066,0.04057,5955,6013,0.04143,0.04024,1742697623975,-0.00806,29966437,1226493.31698,1226493.31698,0.04044,0.00371,0.0406469712490084,0.0001,17351300,,,,0.04092,0.04062
236,RENDERUSDT,3.344,3.345,3.343,229.4,560.8,3.369,3.221,1742697623975,0.03306,757214.6,2502165.4225,2502165.4225,3.318,0.00784,3.3439543530960727,0.00005,8145645.1,,,,3.237,3.344
237,RAREUSDT,0.07381,0.07379,0.07375,15064,14179,0.07902,0.07294,1742697623975,-0.03617,39025614,2966261.07494,2966261.07494,0.0742,-0.00526,0.0738428270439222,0.00005,62398957,,,,0.07658,0.07381
238,PONKEUSDT,0.10886,0.10897,0.10886,571,432,0.11179,0.09726,1742697623975,0.11332,8760202,936398.85811,936398.85811,0.10715,0.01596,0.1088195495313196,0.00005,20622018,,,,0.09778,0.10886
239,MAXUSDT,0.10755,0.10771,0.10756,658,975,0.11732,0.10471,1742697623975,-0.07927,5008645,562511.73925,562511.73925,0.11008,-0.02298,0.107647360279661,0.0001,3141566,,,,0.11681,0.1076
240,TUSDT,0.01639,0.01641,0.01639,23650,336220,0.01678,0.01633,1742697623975,-0.00847,18145760,300114.9029,300114.9029,0.01638,0.00061,0.0163994541639184,0.0001,45001197,,,,0.01653,0.01639
241,1000000MOGUSDT,0.4574,0.4576,0.4575,675,23,0.4774,0.4504,1742697623975,-0.01295,815911,381715.434,381715.434,0.4649,-0.01613,0.4576369875263948,0.00005,1220270,,,,0.4634,0.4576
242,GUSDT,0.01683,0.01684,0.01682,16320,28430,0.01743,0.01603,1742697623975,0.0486,33156150,553272.1,553272.1,0.01696,-0.00767,0.0168409886697651,0.00005,27362079,,,,0.01605,0.01683
243,SYNUSDT,0.1895,0.1896,0.1894,1663,5924,0.1975,0.1841,1742697623975,0.02432,1356224,261474.9184,261474.9184,0.1881,0.00744,0.189520640740046,0.00005,5976672,,,,0.185,0.1895
244,SYSUSDT,0.04913,0.04917,0.04912,57138,20174,0.04985,0.04804,1742697623975,0.01803,5726210,280678.82145,280678.82145,0.04875,0.00779,0.0491635599673269,0.00005,23557830,,,,0.04826,0.04916
245,VOXELUSDT,0.0802,0.0803,0.0802,12425,12425,0.0817,0.0787,1742697623975,0.01263,2049519,165047.4766,165047.4766,0.0803,-0.00125,0.0802924305859219,0.00005,4150662,,,,0.0792,0.0803
246,ALPACAUSDT,0.06003,0.06003,0.05997,3000,2999,0.06169,0.05777,1742697623975,0.03858,11916082,715244.49238,715244.49238,0.05994,0.0015,0.0599767232704543,0.00005,5560069,,,,0.0578,0.05998
247,SUNUSDT,0.016919,0.016913,0.016909,36760,1430,0.016929,0.01646,1742697623975,0.01087,41602740,691494.77251,691494.77251,0.016597,0.0194,0.0169258822752048,0.00005,56811212,,,,0.016737,0.016919
248,VIDTUSDT,0.01544,0.01547,0.01545,21600,140000,0.01671,0.01433,1742697623975,0.0619,114057040,1739021.1984,1739021.1984,0.01513,0.02049,0.0154749532176532,0.00005,117536629,,,,0.01454,0.01545
249,DOGSUSDT,0.0001601,0.0001602,0.0001601,7796300,3131800,0.0001996,0.0001555,1742697623975,0.00376,82231960000,14758566.02209,14758566.02209,0.0001578,0.01458,0.0001601410283399,0.00005,19044348683,,,,0.0001595,0.0001601
250,NULSUSDT,0.1268,0.1268,0.1266,2928,15572,0.1308,0.1261,1742697623975,-0.00157,2977877,381448.3003,381448.3003,0.1266,0.00158,0.1269376410598397,0.00005,1041802,,,,0.127,0.1268
251,ORDERUSDT,0.1415,0.1416,0.1414,3747,5315,0.1481,0.1395,1742697623975,0.00355,2308197,328527.4244,328527.4244,0.1414,0.00071,0.141231123250202,0.0001,9816299,,,,0.141,0.1415
252,SUNDOGUSDT,0.0597,0.0597,0.0596,6155,9955,0.0607,0.0568,1742697623975,0.03287,4976730,291962.1088,291962.1088,0.0574,0.04007,0.059466632140145,0.0001,37679010,,,,0.0578,0.0597
253,AKTUSDT,1.383,1.385,1.383,2031.5,290.2,1.4,1.237,1742697623975,0.10199,682705.1,898989.782,898989.782,1.37,0.00949,1.3868370182087032,-0.000206,1838429.7,,,,1.255,1.384
254,MBOXUSDT,0.0864,0.0863,0.0862,20990,21033,0.0878,0.0829,1742697623975,0.03721,3889851,332800.1308,332800.1308,0.0857,0.00817,0.0862571420350595,0.00005,4747868,,,,0.0833,0.0863
255,HNTUSDT,3.295,3.299,3.294,79.3,40.4,3.378,3.209,1742697623975,0.01043,664748.4,2171829.8247,2171829.8247,3.277,0.00549,3.2934947048233885,0.0001,483164.7,,,,3.261,3.295
256,CHESSUSDT,0.0973,0.0973,0.0971,11100,5952,0.0994,0.0925,1742697623975,0.04849,2534822,244875.958,244875.958,0.0966,0.00725,0.0973968487211389,0.00005,1709058,,,,0.0928,0.0973
257,FLUXUSDT,0.2665,0.2665,0.2663,2000,7955,0.2776,0.2598,1742697623975,0.01951,2271515,601260.7546,601260.7546,0.2674,-0.00337,0.2667057371923155,0.00005,2465171,,,,0.2614,0.2666
258,POLUSDT,0.2111,0.211,0.2109,117737,5070,0.213,0.2065,1742697623975,0.0203,4180236,879628.2984,879628.2984,0.2094,0.00812,0.2110826494052207,0.00005,74179418,,,,0.2069,0.2111
259,BSWUSDT,0.03805,0.03809,0.03804,7339,16740,0.03934,0.03749,1742697623975,0.01062,12452682,475700.75916,475700.75916,0.03799,0.00158,0.0380609903041593,0.00005,6211235,,,,0.03765,0.03806
260,NEIROETHUSDT,0.02861,0.02863,0.0286,18035,25761,0.03665,0.02835,1742697623975,-0.15729,102484448,3239780.74464,3239780.74464,0.0288,-0.0066,0.0286760481064984,0.00005,165265617,,,,0.03395,0.02866
261,RPLUSDT,5.17,5.173,5.168,52.6,50,5.447,5.098,1742697623975,0.00623,106832.6,560627.1374,560627.1374,5.155,0.00291,5.1747547562982543,0.00005,103405.2,,,,5.138,5.172
262,QUICKUSDT,0.0272,0.02721,0.0272,10607,15698,0.02796,0.02598,1742697623975,0.04615,14552575,394140.22266,394140.22266,0.02701,0.00703,0.0272237253655626,0.00005,86519058,,,,0.026,0.02721
263,AERGOUSDT,0.0665,0.0667,0.0665,322911,119665,0.0681,0.0657,1742697623975,0.00605,3853393,257033.5473,257033.5473,0.0665,0,0.0668138487910717,-0.001501,14827843,,,,0.0661,0.0665
264,1MBABYDOGEUSDT,0.0013579,0.0013593,0.0013583,489323,14086,0.0014147,0.0013248,1742697623975,0.02259,944537645,1287210.9764059,1287210.9764059,0.0013494,0.0063,0.0013570068059704,0.00005,4150864698,,,,0.0013279,0.0013579
265,1000CATUSDT,0.00771,0.00773,0.00771,347377,648147,0.00783,0.00741,1742697623975,0.03769,19487075,149830.44353,149830.44353,0.00767,0.00522,0.0077220932615468,0.00005,113353322,,,,0.00743,0.00772
266,KDAUSDT,0.4823,0.4825,0.4823,165,850,0.4869,0.4622,1742697623975,0.03654,719371,344135.8714,344135.8714,0.4773,0.01048,0.482527467083855,0.00005,4365013,,,,0.4653,0.4825
267,FIDAUSDT,0.1126,0.1129,0.1127,9494,14542,0.1143,0.1097,1742697623975,0.02271,1519616,170236.5099,170236.5099,0.1122,0.00357,0.1128044717747063,0.00005,11182183,,,,0.1101,0.1128
268,CATIUSDT,0.1491,0.1492,0.1491,1327,11381,0.1552,0.144,1742697623975,0.0347,2793295,418088.7823,418088.7823,0.1476,0.01016,0.1490994250617283,0.00005,85067028,,,,0.1441,0.1491
269,FIOUSDT,0.01775,0.01776,0.01774,40442,40632,0.01805,0.017,1742697623975,0.04289,12249999,215195.22617,215195.22617,0.01759,0.0091,0.0177543920051885,0.00005,40532519,,,,0.01702,0.01775
270,ARKUSDT,0.3434,0.3435,0.3431,968,1396,0.3521,0.3389,1742697623975,-0.02165,1415915,491348.7407,491348.7407,0.3461,-0.0078,0.3433701867228365,0.00005,2203243,,,,0.351,0.3434
271,GHSTUSDT,0.43,0.431,0.429,13271,3000,0.442,0.417,1742697623975,0.03118,570885,245552.917,245552.917,0.43,0,0.4313079768368917,0.00005,937484,,,,0.417,0.43
272,LOKAUSDT,0.1166,0.1166,0.1165,5000,3898,0.1207,0.1153,1742697623975,0.00431,1671506,197862.9689,197862.9689,0.1167,-0.00086,0.1166423659357962,0.00005,971457,,,,0.1161,0.1166
273,VELOUSDT,0.01296,0.013,0.012982,9170,9170,0.013317,0.012671,1742697623975,-0.01001,48243060,626370.56645,626370.56645,0.012784,0.01377,0.0130019182102649,0.0001,92486638,,,,0.013091,0.012989
274,HMSTRUSDT,0.002082,0.002083,0.002081,278250,1399690,0.002243,0.002065,1742697623975,-0.02846,251860170,543762.05853,543762.05853,0.002076,0.00289,0.0020842565568197,0.00005,4516121357,,,,0.002143,0.002082
275,AGIUSDT,0.06654,0.06658,0.0665,2020,2020,0.07632,0.06556,1742697623975,-0.06872,53533230,3698049.0469,3698049.0469,0.06782,-0.01887,0.0665213941840976,0.00005,12385649,,,,0.07145,0.06654
276,REIUSDT,0.02761,0.02762,0.0276,10000,4720,0.02828,0.02719,1742697623975,0.01507,14173010,391755.9193,391755.9193,0.02749,0.00437,0.02764,0.00005,7852014,,,,0.0272,0.02762
277,COSUSDT,0.00409,0.004092,0.004089,30200,17600,0.004191,0.004003,1742697623975,0.01767,171542840,701568.9714,701568.9714,0.004065,0.00615,0.0040937694167431,0.00005,45118452,,,,0.004019,0.00409
278,EIGENUSDT,1.2179,1.2182,1.2177,200,30,1.224,1.1326,1742697623975,0.06937,600474,715805.2145,715805.2145,1.2052,0.01054,1.2181320393396172,0.00005,4678517,,,,1.1389,1.2179
279,MOODENGUSDT,0.03775,0.03776,0.03772,29251,30737,0.0388,0.03668,1742697623975,0.02137,24087476,914271.15833,914271.15833,0.03725,0.01342,0.0377517186973103,0.00005,70624758,,,,0.03696,0.03775
280,DIAUSDT,0.4245,0.4247,0.4244,275,300,0.4537,0.4097,1742697623975,0.02487,1326162,571908.412,571908.412,0.4296,-0.01187,0.4246894938669296,0.00005,416144,,,,0.4142,0.4245
281,FTNUSDT,4.0243,4.0245,4.021,39.8,34.2,4.0287,4.0121,1742697623975,0.00179,82603.1,332112.23091,332112.23091,4.0158,0.00212,4.0160675949795197,0.0001,187401.4,,,,4.0171,4.0228
282,OGUSDT,4.0644,4.0658,4.062,570.8,30,4.1861,4.0276,1742697623975,-0.01691,779857.3,3226764.41916,3226764.41916,4.0509,0.00333,4.0703211165091752,-0.000194,495438.3,,,,4.1343,4.0644
283,NEIROCTOUSDT,0.0002775,0.0002778,0.0002775,4887777,4698855,0.000289,0.0002685,1742697623975,0.02816,3225123266,905019.7011901,905019.7011901,0.000275,0.00909,0.0002779621611748,0.00005,14060099572,,,,0.0002699,0.0002776
284,ETHWUSDT,1.4631,1.4634,1.4628,8,588,1.4962,1.4547,1742697623975,-0.00279,235942,347994.1027,347994.1027,1.4653,-0.0015,1.4643624937598318,0.00005,1774581,,,,1.4672,1.4631
285,DEGENUSDT,0.00331,0.003311,0.003307,130600,100000,0.003544,0.003172,1742697623975,0.03794,187844730,631945.55321,631945.55321,0.003294,0.00486,0.0033105289692523,0.00005,272366719,,,,0.003189,0.00331
286,KMNOUSDT,0.05631,0.05633,0.05628,2300,7630,0.05814,0.05607,1742697623975,0,8028060,456732.3699,456732.3699,0.05631,0,0.0563752662206301,0.00005,13650056,,,,0.05631,0.05631
287,POWRUSDT,0.17,0.1701,0.1699,6990,7012,0.1713,0.166,1742697623975,0.01675,1784161,302038.0699,302038.0699,0.1691,0.00532,0.170042341381293,0.00005,2998889,,,,0.1672,0.17
288,PYRUSDT,1.401,1.403,1.4,100,311,1.44,1.34,1742697623975,0.02788,157439,220560.281,220560.281,1.403,-0.00143,1.3986312109095486,0.0001,1289434,,,,1.363,1.401
289,CARVUSDT,0.3519,0.3525,0.3516,790,697,0.3651,0.3248,1742697623975,0.05328,4228045,1462363.3566,1462363.3566,0.3371,0.0439,0.3539791264159476,-0.0024,3406430,,,,0.3341,0.3522
290,SLERFUSDT,0.0631,0.0632,0.063,83801,89154,0.0641,0.0608,1742697623975,0.03443,4594285,287768.6276,287768.6276,0.0623,0.01284,0.0630693414926211,0.00005,10982749,,,,0.061,0.0631
291,PUFFERUSDT,0.2359,0.2361,0.2358,550,1800,0.2399,0.2308,1742697623975,0.01593,1500212,353438.4054,353438.4054,0.2358,0.00042,0.2362888568839768,0.00005,2750286,,,,0.2322,0.2359
292,10000WHYUSDT,0.000798,0.000798,0.000797,3135800,6823800,0.00083,0.00077,1742697623975,-0.03038,452637800,359879.713,359879.713,0.000788,0.01269,0.0007904927805558,0.00093,1123778967,,,,0.000823,0.000797
293,DEEPUSDT,0.084,0.08406,0.08396,3600,2000,0.08702,0.07824,1742697623975,0.06356,10435300,863554.831,863554.831,0.08325,0.00901,0.0841364053705636,0.0001,17068686,,,,0.07898,0.08404
294,DBRUSDT,0.02997,0.02999,0.02995,8459,4200,0.03084,0.0297,1742697623975,-0.02059,11981034,363615.21425,363615.21425,0.03001,-0.00133,0.03001015318736,0.00005,24573845,,,,0.0306,0.02997
295,LUMIAUSDT,0.4978,0.4987,0.4976,18441,500,0.5184,0.477,1742697623975,0.03644,2615955,1307274.3283,1307274.3283,0.4885,0.01904,0.4977855836076581,0.00005,5707165,,,,0.4803,0.4978
296,SCRUSDT,0.3721,0.3723,0.372,368,500,0.383,0.3493,1742697623975,0.0568,2050423.3,743041.251,743041.251,0.3653,0.01861,0.3719782745506784,0.00005,2747971.4,,,,0.3521,0.3721
297,GOATUSDT,0.05713,0.05715,0.0571,7250,2670,0.0584,0.05538,1742697623975,0.02531,21548490,1235966.1082,1235966.1082,0.05641,0.01276,0.0570863428594398,0.00005,241869983,,,,0.05572,0.05711
298,XUSDT,0.00009265,0.00009283,0.00009276,42405000,18990000,0.00010798,0.00008343,1742697623975,-0.11195,238233423000,22188032.83869,22188032.83869,0.00009641,-0.039,0.0000926861032445,0.00005,64342711216,,,,0.00010433,0.00009268
299,SAFEUSDT,0.4457,0.4458,0.4454,558.8,596.3,0.463,0.4311,1742697623975,0.03291,1420715.1,635873.39392,635873.39392,0.4524,-0.01481,0.446275949676277,0.00005,2042058.1,,,,0.4315,0.4458
300,GRASSUSDT,1.365,1.366,1.3653,21,2100,1.3714,1.2854,1742697623975,0.05675,846937,1128142.713,1128142.713,1.332,0.02477,1.3672871586447545,0.00005,3227783,,,,1.2917,1.3655
301,SWEATUSDT,0.005128,0.005131,0.005124,24430,24000,0.005271,0.005023,1742697623975,0.01484,204259650,1056421.51702,1056421.51702,0.005159,-0.00601,0.0051273833375181,0.00005,130413738,,,,0.005053,0.005127
302,SANTOSUSDT,2.61,2.611,2.609,94,242,2.649,2.589,1742697623975,0.00153,88536,231279.496,231279.496,2.599,0.00423,2.6108958468447383,0.00005,115647,,,,2.606,2.61
303,SPXUSDT,0.5061,0.5062,0.506,100,2335,0.5097,0.4783,1742697623975,0.0295,1733706,856852.4359,856852.4359,0.4904,0.03201,0.5066921303766786,0.00005,5514045,,,,0.4916,0.5067
304,TROYUSDT,0.001262,0.001263,0.001261,3138000,6322000,0.001272,0.001229,1742697623975,0.02269,278453000,349498.001,349498.001,0.001255,0.00558,0.0012618005486626,0.00005,1249824470,,,,0.001234,0.001262
305,VIRTUALUSDT,0.734,0.7342,0.7339,30,3866,0.7683,0.6973,1742697623975,0.04603,6193760,4557956.762,4557956.762,0.7222,0.01634,0.7350523104623955,-0.000021,12308005,,,,0.7017,0.7345
306,AEROUSDT,0.5125,0.5127,0.5123,3006,20,0.5141,0.5038,1742697623975,0.00906,776785,394787.4495,394787.4495,0.5056,0.01365,0.513441686040697,0.00005,4240133,,,,0.5079,0.513
307,CETUSUSDT,0.11257,0.11259,0.11255,5592,559,0.11463,0.10748,1742697623975,0.04405,3845732,428957.25204,428957.25204,0.11071,0.0168,0.1126401490519249,0.00005,13266145,,,,0.10782,0.11262
308,COWUSDT,0.3139,0.314,0.3138,4269,544,0.3216,0.3075,1742697623975,0.01684,3063119,965732.7575,965732.7575,0.3139,0,0.3141137037055425,0.00005,9660514,,,,0.3087,0.314
309,SWELLUSDT,0.01073,0.01074,0.01073,57750,57750,0.01122,0.01049,1742697623975,0.02093,19748728,214014.82758,214014.82758,0.01084,-0.01015,0.0107409699797699,0.00005,54408659,,,,0.01051,0.01074
310,DRIFTUSDT,0.6477,0.6481,0.6476,2254,839,0.6653,0.6035,1742697623975,0.02468,2998808,1903171.6769,1903171.6769,0.6126,0.05844,0.6484884438141723,0.00005,5402878,,,,0.6321,0.6483
311,PNUTUSDT,0.18865,0.18871,0.18863,1742,362,0.19789,0.17547,1742697623975,0.06987,42098220,7948020.0384,7948020.0384,0.18777,0.00469,0.1887592498971907,0.00005,112238193,,,,0.17633,0.18872
312,ACTUSDT,0.18959,0.18968,0.18956,4120,109,0.19302,0.1892,1742697623975,0.00127,7029581,1340225.21796,1340225.21796,0.18997,-0.00184,0.1894866658559344,0.00005,278226758,,,,0.18935,0.18957
313,CROUSDT,0.08127,0.08129,0.08123,36573,3606,0.08253,0.07789,1742697623975,0.03926,13154597,1047379.89018,1047379.89018,0.08039,0.01095,0.0812852410914613,0.0001,152539588,,,,0.0782,0.08129
314,PEAQUSDT,0.1188,0.1189,0.1188,215,2266,0.1256,0.1166,1742697623975,0.0102,4642660,567778.9871,567778.9871,0.1177,0.00935,0.1191704756596373,0.00005,15994223,,,,0.1176,0.1189
315,FOXYUSDT,0.00225,0.002256,0.002248,106660,34990,0.002359,0.002215,1742697623975,-0.01961,1234393570,2832517.78224,2832517.78224,0.002304,-0.02344,0.0022551696470131,0.00005,409247394,,,,0.002295,0.002252
316,FWOGUSDT,0.04332,0.04335,0.04329,2750,2750,0.04723,0.04246,1742697623975,-0.03989,17236184,771997.84255,771997.84255,0.04322,0.00231,0.0432737938427201,0.0001,21362406,,,,0.04512,0.04332
317,HIPPOUSDT,0.00417,0.004171,0.004168,97200,3346500,0.00423,0.004146,1742697623975,-0.00168,109739400,459214.7092,459214.7092,0.004163,0.00168,0.0041677513024996,-0.000156,4210807825,,,,0.004177,0.004168
318,SNTUSDT,0.02512,0.02514,0.02512,10815,21750,0.02606,0.0251,1742697623975,-0.01606,14449532,370105.56439,370105.56439,0.02565,-0.02066,0.025150053180315,0.000085,25006312,,,,0.02553,0.02513
319,MERLUSDT,0.1116,0.1117,0.1115,32029.5,6560,0.1128,0.1043,1742697623975,0.05482,13852640.1,1506194.16401,1506194.16401,0.1063,0.04986,0.1117555126481771,0.0001,4291308.1,,,,0.1058,0.1116
320,STEEMUSDT,0.13495,0.13501,0.13495,339,133,0.13917,0.13317,1742697623975,0.00844,2441993,331342.33687,331342.33687,0.13555,-0.00443,0.1349569307925049,0.00005,6442584,,,,0.13382,0.13495
321,PROSUSDT,0.4131,0.4131,0.4125,592,1048,0.4416,0.4119,1742697623975,-0.02433,1690172,724052.2882,724052.2882,0.4292,-0.03751,0.4124626039469272,0.0001,1208039,,,,0.4234,0.413
322,BANUSDT,0.058,0.0581,0.058,121542,25,0.0592,0.0558,1742697623975,0.03757,2642246,153212.2596,153212.2596,0.058,0,0.0580852249483164,0.00005,64928820,,,,0.0559,0.0581
323,OLUSDT,0.05779,0.05781,0.05774,4070,4030,0.06066,0.05705,1742697623975,-0.04684,10530720,618476.4096,618476.4096,0.05794,-0.00259,0.0578351630011105,0.00005,13534588,,,,0.06063,0.05779
324,MORPHOUSDT,1.3711,1.3712,1.3706,329,93,1.3771,1.329,1742697623975,0.02766,651231,882144.0932,882144.0932,1.3503,0.0154,1.3733194070406762,-0.000167,3692748,,,,1.3342,1.3718
325,SCRTUSDT,0.2113,0.2114,0.2113,1243,285,0.2181,0.1997,1742697623975,0.0502,1857184,390756.7325,390756.7325,0.2109,0.0019,0.2117439220106552,0.00005,1111596,,,,0.2012,0.2114
326,CHILLGUYUSDT,0.02876,0.02877,0.02875,13863,20000,0.03107,0.02829,1742697623975,0.00349,33333826,982024.85218,982024.85218,0.02936,-0.02044,0.0287397585949527,0.00005,68287029,,,,0.02866,0.02875
327,MEMEFIUSDT,0.001032,0.001032,0.001031,1640000,205000,0.001109,0.000996,1742697623975,-0.03371,235968700,250627.1598,250627.1598,0.001035,-0.0029,0.0010323088905802,0.00005,383054209,,,,0.001068,0.001032
328,1MCHEEMSUSDT,1.5125,1.5128,1.5116,191,58,1.9264,1.4048,1742697623975,0.04238,1848875,2893854.7712,2893854.7712,1.545,-0.02104,1.5139237628551135,-0.000156,1856162,,,,1.451,1.5128
329,OXTUSDT,0.07309,0.07309,0.07305,1836,11437,0.07382,0.07051,1742697623975,0.03395,5583058,405070.44116,405070.44116,0.07289,0.00274,0.0731746806665971,0.0001,6754706,,,,0.07069,0.07309
330,ZRCUSDT,0.04002,0.04004,0.04,10450,3250,0.04105,0.03907,1742697623975,0.01599,8215440,330139.4588,330139.4588,0.04023,-0.00522,0.0400924948496672,0.0001,10883549,,,,0.03939,0.04005
331,THEUSDT,0.3391,0.339,0.3387,108,3524,0.3531,0.3343,1742697623975,-0.00528,2205775,761092.4673,761092.4673,0.3376,0.00444,0.3388308714549151,0.00005,4117924,,,,0.3409,0.3388
332,MAJORUSDT,0.1849,0.1854,0.1853,600,2779,0.2037,0.1801,1742697623975,-0.08056,19949221,3796245.4399,3796245.4399,0.1898,-0.02582,0.1851686544883749,0.0001,6299456,,,,0.2011,0.1852
333,CTCUSDT,0.6185,0.6191,0.6184,400,200,0.6408,0.6167,1742697623975,-0.01466,583450,367441.9674,367441.9674,0.6284,-0.01575,0.6191689624756827,0.00005,2196076,,,,0.6277,0.6187
334,XDCUSDT,0.07319,0.07327,0.07321,2500,3000,0.07368,0.072,1742697623975,0.00014,1489600,108475.351,108475.351,0.07287,0.00439,0.0731643273773083,0.0001,25441901,,,,0.07318,0.07319
335,XIONUSDT,1.34,1.3425,1.3399,192,206,1.422,1.2639,1742697623975,0.02958,655094,877178.1848,877178.1848,1.3555,-0.01143,1.3399267404532426,0.00005,2167865,,,,1.3015,1.34
336,ORCAUSDT,2.647,2.645,2.644,5741,366.2,3.589,2.617,1742697623975,-0.09504,28057650.9,88075724.37,88075724.37,2.808,-0.05734,2.6540566390303698,-0.001799,5898409.4,,,,2.925,2.647
337,ACXUSDT,0.2992,0.2995,0.2993,2837,18300,0.4366,0.2888,1742697623975,-0.04925,50951928,19058518.1159,19058518.1159,0.2941,0.01734,0.2996286949120331,0.00005,7808622,,,,0.3147,0.2993
338,NSUSDT,0.134,0.134,0.1338,2310,911,0.1373,0.1312,1742697623975,0.0045,2210545,297394.9961,297394.9961,0.1332,0.00601,0.1339906450232261,0.0001,4954174,,,,0.1334,0.134
339,MOVEUSDT,0.4299,0.4299,0.4296,1337,9448,0.4487,0.4269,1742697623975,0.0014,3574185,1561353.1895,1561353.1895,0.4378,-0.01804,0.4301174840937554,-0.000087,27398584,,,,0.4293,0.4299
340,KOMAUSDT,0.03704,0.03708,0.03704,693,6441,0.04,0.03555,1742697623975,-0.0162,38871710,1466990.2881,1466990.2881,0.03616,0.02434,0.0369950408637258,0.00005,180540426,,,,0.03765,0.03704
341,MEUSDT,1.181,1.182,1.18,2926,1092,1.282,1.171,1742697623975,-0.0084,896263,1095469.892,1095469.892,1.19,-0.00756,1.1822562646905954,0.00005,3692841,,,,1.191,1.181
342,VELODROMEUSDT,0.058224,0.058221,0.058165,4370,560,0.060594,0.057202,1742697623975,0.01173,9426090,551100.75278,551100.75278,0.057948,0.00476,0.0582535288531781,0.00005,14816312,,,,0.057549,0.058224
343,AVAUSDT,0.6413,0.6413,0.641,1090,21,0.6474,0.6093,1742697623975,0.04702,883865,554221.8846,554221.8846,0.6292,0.01923,0.6419337575431137,0.00005,4568802,,,,0.6125,0.6413
344,DEGOUSDT,1.896,1.899,1.896,790,789,1.994,1.854,1742697623975,0.01608,219861,421165.307,421165.307,1.907,-0.00577,1.89852,0.00005,0,,,,1.866,1.8982
345,VANAUSDT,7.932,7.931,7.924,70.4,45.9,8.443,7.23,1742697623975,0.06785,1567911.3,12354903.0575,12354903.0575,7.329,0.08228,7.9708867001418456,-0.006138,1383999.3,,,,7.428,7.932
346,HYPEUSDT,15.849,15.856,15.842,95.28,382.48,16.708,15.42,1742697623975,0.02636,414817.82,6656901.465,6656901.465,15.569,0.01798,15.844848416076876,0.0001,2237182.23,,,,15.442,15.849
347,PENGUUSDT,0.006291,0.006288,0.006283,222500,657240,0.006544,0.006212,1742697623975,-0.006,179818015,1143872.282599,1143872.282599,0.006328,-0.00585,0.0062945125271909,0.00005,731514966,,,,0.006329,0.006291
348,USUALUSDT,0.1363,0.1364,0.1362,14915,14440,0.1421,0.1347,1742697623975,0.00294,3290718,455083.2069,455083.2069,0.1358,0.00368,0.1364143949216416,0.00005,24560139,,,,0.1359,0.1363
349,FUELUSDT,0.01589,0.01591,0.01588,18390,20510,0.01624,0.01522,1742697623975,-0.01366,42166920,661528.2838,661528.2838,0.01554,0.02252,0.0159286665688838,0.00005,89498433,,,,0.01611,0.01592
350,CGPTUSDT,0.10103,0.10112,0.10104,2159,1300,0.10383,0.09823,1742697623975,0.02433,5552515,563865.5221,563865.5221,0.10121,-0.00178,0.1011714134466575,0.00005,14043317,,,,0.09863,0.10108
351,AIXBTUSDT,0.10334,0.10328,0.10323,546,1593,0.10737,0.10093,1742697623975,0.01314,12482806,1301872.73017,1301872.73017,0.10311,0.00223,0.1032434777049016,0.00005,33244661,,,,0.102,0.10328
352,FARTCOINUSDT,0.4463,0.4468,0.4464,24596.1,14454.4,0.4861,0.4018,1742697623975,0.0928,106719353,48403643.7212,48403643.7212,0.4419,0.01086,0.4484299446750753,0.00003,54069721.2,,,,0.4084,0.4466
353,HIVEUSDT,0.234,0.2341,0.2338,32147,37208,0.239,0.2332,1742697623975,-0.00298,1214833,286563.1714,286563.1714,0.2361,-0.00889,0.2341317537778301,0.00005,4705074,,,,0.2347,0.234
354,DEXEUSDT,17.183,17.166,17.155,5.7,31.2,18.892,17.145,1742697623975,-0.08887,36820.6,662027.7748,662027.7748,17.714,-0.02998,17.1760985485188828,0.00005,36097.3,,,,18.859,17.176
355,GIGAUSDT,0.01516,0.01516,0.01514,54010,36310,0.01617,0.0149,1742697623975,-0.03193,24531590,378711.8301,378711.8301,0.01516,0,0.0151328537042426,0.00005,49550983,,,,0.01566,0.01516
356,PHAUSDT,0.12971,0.12968,0.12954,408,3424,0.1365,0.1137,1742697623975,0.12958,12668488,1616372.50904,1616372.50904,0.12504,0.03735,0.1295567208298885,0.00005,8041089,,,,0.11483,0.12961
357,DFUSDT,0.06278,0.06275,0.06272,1750,2778,0.06845,0.062,1742697623975,0.00416,14008283,910766.42314,910766.42314,0.06541,-0.04021,0.0627642930448123,0.00005,31459744,,,,0.06252,0.06276
358,AI16ZUSDT,0.1963,0.1962,0.1961,8891,11813,0.205,0.1906,1742697623975,0.00564,24172465,4758719.8704,4758719.8704,0.1995,-0.01604,0.196581919747994,0.000044,58225605,,,,0.1952,0.1963
359,GRIFFAINUSDT,0.04285,0.04277,0.04275,5294,9250,0.04385,0.03996,1742697623975,-0.01968,39893585,1686232.39077,1686232.39077,0.04299,-0.00326,0.0427735465262169,0.00005,120164520,,,,0.04371,0.04283
360,ZEREBROUSDT,0.03391,0.03395,0.03391,447104,20000,0.03442,0.03148,1742697623975,0.04338,107340058,3529919.09681,3529919.09681,0.03386,0.00148,0.0339071759455118,0.00005,108517660,,,,0.0325,0.03391
361,BIOUSDT,0.0862,0.0862,0.0861,21553,6544,0.0893,0.0814,1742697623975,0.04866,2504766,215346.5391,215346.5391,0.0863,-0.00116,0.0861200600751549,0.00005,17971212,,,,0.0822,0.0862
362,SWARMSUSDT,0.04039,0.04039,0.04033,10000,10000,0.04232,0.0395,1742697623975,-0.02745,50317899,2075556.47483,2075556.47483,0.04038,0.00025,0.0403877927658799,0.00005,346698987,,,,0.04153,0.04039
363,ALCHUSDT,0.06127,0.06134,0.06131,1355,13098,0.06895,0.04869,1742697623975,0.09352,173491185,10204311.86467,10204311.86467,0.06048,0.01306,0.0612799885224868,0.00005,178262994,,,,0.05603,0.06127
364,COOKIEUSDT,0.1316,0.1317,0.1316,3075,4000,0.134,0.1277,1742697623975,0.02572,2291095,300751.4371,300751.4371,0.1311,0.00381,0.1315900022926796,0.00005,6512681,,,,0.1283,0.1316
365,SONICUSDT,0.2704,0.2703,0.2701,95,13840,0.2795,0.2647,1742697623975,0.0116,5572389,1510694.1477,1510694.1477,0.273,-0.00952,0.2708249801665531,0.00005,13943480,,,,0.2673,0.2704
366,AVAAIUSDT,0.0396,0.03966,0.03962,3756,32633,0.04212,0.03777,1742697623975,-0.00327,21518777,860887.2207,860887.2207,0.03924,0.00917,0.0395476505736767,0.00005,18913658,,,,0.03973,0.03956
367,TREATUSDT,0.00543,0.00542,0.00537,1900,1900,0.00589,0.00528,1742697623975,0.00929,425107100,2341944.622,2341944.622,0.00534,0.01685,0.0053802189468699,0.00005,0,,,,0.00538,0.005397
368,SUSDT,0.5105,0.5107,0.5103,16250,12746,0.5239,0.502,1742697623975,0.00492,7228938,3704333.1564,3704333.1564,0.5069,0.0071,0.5104812503078245,0.00005,15219287,,,,0.508,0.5105
369,PROMUSDT,6.2819,6.2829,6.28,7.2,44.4,6.309,6.203,1742697623975,0.00743,63204,395675.99399,395675.99399,6.2376,0.0071,6.288,0.00005,39597.8,,,,6.2356,6.2824
370,DUCKUSDT,0.00387,0.003871,0.003867,121700,27300,0.004286,0.003765,1742697623975,-0.08032,252648200,1011352.3208,1011352.3208,0.004027,-0.03899,0.0038609774317952,0.00005,489156349,,,,0.004208,0.003867
371,BGSCUSDT,0.00731,0.007314,0.007296,82400,87000,0.007931,0.006868,1742697623975,-0.04144,668085700,4947333.4607,4947333.4607,0.007327,-0.00232,0.0072979684865831,0.00005,1188521322,,,,0.007626,0.007297
372,SOLVUSDT,0.03475,0.03477,0.03473,178920,119150,0.03682,0.03371,1742697623975,-0.01836,18666630,663044.4987,663044.4987,0.03518,-0.01222,0.0347570168027487,0.00005,64790110,,,,0.0354,0.03475
373,ARCUSDT,0.05659,0.05657,0.05653,13203,6866,0.06594,0.05493,1742697623975,-0.09874,102083647,6124301.55943,6124301.55943,0.05786,-0.02195,0.0565577591311133,0.00005,97080103,,,,0.06279,0.05652
374,NCUSDT,0.05213,0.05213,0.0521,4948,358,0.05584,0.05002,1742697623975,0.03289,12603120,656284.08019,656284.08019,0.05166,0.0091,0.0521519781517418,0.00005,6089423,,,,0.05047,0.05213
375,PIPPINUSDT,0.01699,0.017,0.01698,10750,58207,0.01772,0.01664,1742697623975,0.01191,34186111,590510.21072,590510.21072,0.01712,-0.00759,0.0169173419090936,0.00005,25549612,,,,0.01679,0.01697
376,TRUMPUSDT,10.894,10.897,10.894,218.7,25.5,11.229,10.673,1742697623975,-0.00238,692178.6,7583058.4866,7583058.4866,10.752,0.01321,10.8973040546268187,0.00005,5047928.2,,,,10.92,10.897
377,MELANIAUSDT,0.698,0.698,0.697,16428,2851.6,0.728,0.688,1742697623975,-0.02514,1604401.5,1134598.9107,1134598.9107,0.696,0.00287,0.6993783265198825,-0.000476,10389589.1,,,,0.716,0.698
378,ZCXUSDT,0,,,,,0,0,1742697623975,0,0,0,0,0,0,0.0397396012932208,0,0,,,,0,0.0397
379,PLUMEUSDT,0.1941,0.1942,0.1941,4530,690,0.1947,0.176,1742697623975,0.01517,12405920,2292378.871,2292378.871,0.1881,0.0319,0.1940123744024639,0.00005,29807263,,,,0.1912,0.1941
380,TESTCUSDT,0,,,,,0,0,1742697623975,0,0,0,0,0,0,84235.213333333333249,0,0,,,,0,105252.51
381,VTHOUSDT,0.002448,0.002445,0.002443,223200,1236300,0.002495,0.00242,1742697623975,0.00865,130501400,321026.3557,321026.3557,0.00246,-0.00488,0.0024405652907185,0.00005,1234742898,,,,0.002427,0.002443
382,JUSDT,0.219,0.2191,0.2188,3042.6,3061.8,0.2403,0.212,1742697623975,-0.06049,1458803.3,331392.25441,331392.25441,0.2205,-0.0068,0.2194614061723015,0.00005,2698451.2,,,,0.2331,0.2191
383,QKCUSDT,0.007187,0.007194,0.007183,34000,34000,0.007284,0.007069,1742697623975,0.01368,59252000,425056.481,425056.481,0.00721,-0.00319,0.0072000215818427,0.00005,71789274,,,,0.00709,0.007193
384,VINEUSDT,0.02677,0.02678,0.02675,788537,112296,0.02737,0.02591,1742697623975,0.00262,36027410,958681.82904,958681.82904,0.02698,-0.00778,0.0267709068103,0.00005,118584046,,,,0.0267,0.02677
385,ANIMEUSDT,0.01926,0.01927,0.01925,38435,61071,0.01955,0.01815,1742697623975,0.05999,48328388,915948.08595,915948.08595,0.01904,0.01155,0.0192516800078466,0.00005,156330730,,,,0.01817,0.01926
386,STPTUSDT,0.0472,0.04719,0.04716,3200,2470,0.04921,0.04674,1742697623975,-0.01214,8645960,414517.7907,414517.7907,0.04801,-0.01687,0.0471650244446712,0.00005,17963237,,,,0.04778,0.0472
387,XCNUSDT,0.011103,0.011119,0.011102,32860,36790,0.011609,0.010979,1742697623975,-0.01473,38962370,440652.7939,440652.7939,0.011107,-0.00036,0.0111193812464479,-0.0003,65646767,,,,0.011269,0.011113
388,TOSHIUSDT,0.00033,0.0003302,0.0003297,1290000,2080000,0.0003393,0.0003228,1742697623975,0.00825,1139236000,376965.8772,376965.8772,0.0003261,0.01196,0.0003307319624773,0.00005,1623571311,,,,0.0003273,0.0003304
389,VVVUSDT,3.201,3.201,3.198,443.39,1420.34,3.336,3.149,1742697623975,0.00566,121466.72,391473.84885,391473.84885,3.234,-0.0102,3.2039088278528238,0.000001,189092.01,,,,3.183,3.201
390,FORTHUSDT,2.838,2.8389,2.8354,44.8,45,3.1421,2.8292,1742697623975,-0.06231,249443,728138.5273,728138.5273,2.8425,-0.00158,2.8402301898564021,0.0001,107500.6,,,,3.0266,2.8391
391,LUCEUSDT,0.01035,0.01036,0.01034,22000,12000,0.01102,0.00922,1742697623975,-0.03541,108934339,1093330.02622,1093330.02622,0.00976,0.06045,0.0102996495973908,0.0001,208140424,,,,0.01073,0.01033
392,BERAUSDT,6.718,6.719,6.716,365.9,76.5,6.894,6.595,1742697623975,-0.00282,396525.3,2668931.4227,2668931.4227,6.774,-0.00827,6.7245577016987607,-0.000095,1288216.3,,,,6.737,6.718
393,TSTBSCUSDT,0.0641,0.06411,0.06407,7500,31660,0.06692,0.06316,1742697623975,-0.00109,16198260,1053779.6878,1053779.6878,0.06396,0.00219,0.0640042284929279,0.00005,186918691,,,,0.06417,0.06406
394,ANLOGUSDT,0.00151,0.00151,0.00148,18800,44200,0.0016,0.00146,1742697623975,-0.02581,1431569900,2205871.789,2205871.789,0.00154,-0.01948,0.0014986826629676,0.00005,0,,,,0.00155,0.0015
395,10000ELONUSDT,0.001433,0.001435,0.001432,555400,355400,0.00147,0.001402,1742697623975,0.01559,236451800,339183.8148,339183.8148,0.001408,0.01776,0.001433624779217,0.00005,172409182,,,,0.001411,0.001433
396,LAYERUSDT,1.0678,1.068,1.0675,527.6,1956.2,1.2234,1.0214,1742697623975,-0.08422,8983371.5,10385107.60726,10385107.60726,1.0741,-0.00587,1.0676039135400768,0.000027,4440668.6,,,,1.166,1.0678
397,B3USDT,0.005761,0.005765,0.005759,63500,87400,0.00591,0.005384,1742697623975,0.02345,76086400,430203.1928,430203.1928,0.005769,-0.00139,0.0057679783526129,0.00005,90841192,,,,0.005629,0.005761
398,IPUSDT,5.8447,5.8454,5.8453,150.4,165.3,6.0861,5.6109,1742697623975,0.02824,1160860.1,6760884.10438,6760884.10438,5.812,0.00563,5.8477544565453245,-0.000295,1663226.6,,,,5.6842,5.8447
399,RONUSDT,0.7833,0.7833,0.7829,703,736,0.7867,0.7693,1742697623975,0.01372,490108,382315.5896,382315.5896,0.7809,0.00307,0.7832109699357631,0.00005,633399,,,,0.7727,0.7832
400,HEIUSDT,0.5023,0.503,0.5027,375,300,0.5217,0.4772,1742697623975,0.05106,1042199,521206.7584,521206.7584,0.5014,0.00179,0.5037441071021058,-0.000189,5445602,,,,0.4779,0.5027
401,SHELLUSDT,0.28332,0.28349,0.28319,1000,1425,0.30463,0.28215,1742697623975,-0.00537,3152148,925267.415108,925267.415108,0.288,-0.01625,0.283763551773529,0.000013,13247499.5,,,,0.28485,0.28336
402,BURGERUSDT,0.0775,0.0776,0.0774,2070,20,0.1,0.0637,1742697623975,-0.20267,58903610,4704120.68,4704120.68,0.0713,0.08696,0.0771966412445441,0.00005,21589585,,,,0.0972,0.0775
403,BROCCOLIUSDT,0.04904,0.04903,0.049,3080,4000,0.05159,0.04512,1742697623975,0.0544,88569740,4238601.3492,4238601.3492,0.04776,0.0268,0.0489343581510253,-0.000176,101449853,,,,0.04651,0.04899
404,JAILSTOOLUSDT,0.0092,0.00921,0.00919,67760,104680,0.00998,0.00875,1742697623975,-0.01393,73953440,686652.8675,686652.8675,0.009,0.02222,0.0091958776190571,0.00005,115665371,,,,0.00933,0.0092
405,AUCTIONUSDT,28.7,28.685,28.674,0.51,1.47,60.776,27.708,1742697623975,-0.41776,5410959.02,238535203.84829,238535203.84829,31.335,-0.08409,28.7266871967097859,0.00005,756216.95,,,,49.292,28.7
406,GPSUSDT,0.03142,0.03147,0.03141,20000,39771,0.0339,0.03091,1742697623975,0.00255,25603932,822943.65711,822943.65711,0.03113,0.00932,0.0314530698764352,0.00005,47354061,,,,0.03134,0.03143
407,GNOUSDT,128.53,128.57,128.53,4.324,0.078,129.36,126.51,1742697623975,0.015,47566.169,6098301.9078,6098301.9078,127.85,0.00532,128.4214554326314364,0.0001,14294.778,,,,126.63,128.53
408,AIOZUSDT,0.2686,0.2688,0.2685,2467,950,0.2765,0.2663,1742697623975,-0.00223,1230175,334097.1271,334097.1271,0.2679,0.00261,0.2687710301550195,0.0001,2568518,,,,0.2692,0.2687
409,PIUSDT,0.9964,0.9962,0.9961,226,6451,1.0296,0.9566,1742697623975,0.00494,86023918,85553074.4893,85553074.4893,1.0009,-0.0045,0.9971000935186012,0.00005,53881410,,,,0.9915,0.9964
410,AVLUSDT,0.3657,0.3665,0.3656,200,598,0.4042,0.3611,1742697623975,-0.0878,1607849,622073.4215,622073.4215,0.3738,-0.02167,0.3665277643131066,0.000025,4082895,,,,0.4009,0.3663
411,KAITOUSDT,1.3293,1.3313,1.3309,2637.6,101.8,1.3639,1.3017,1742697623975,0.01442,1445637.9,1919891.12257,1919891.12257,1.326,0.00249,1.3315549608701825,0.00005,4006051.9,,,,1.3104,1.3306
412,GODSUSDT,0.0988,0.0989,0.0986,5268,4835,0.1003,0.0972,1742697623975,0,3513563,346304.3088,346304.3088,0.0989,-0.00101,0.0986662153122972,0.00005,2963604,,,,0.0988,0.0988
413,ZOOUSDT,0.00000785,0.00000785,0.00000776,4760000,11210000,0.00000806,0.00000757,1742697623975,-0.00127,294195560000,2295653.3873,2295653.3873,0.0000077,0.01948,0.0000078015918457,0.00005,0,,,,0.00000786,0.00000781
414,MEMHASHUSDT,0.001964,0.001964,0.001948,19700,12200,0.002062,0.00175,1742697623975,0.121,1259571900,2404808.2419,2404808.2419,0.001987,-0.01158,0.001959624900408,0.00005,0,,,,0.001752,0.00196
415,ROAMUSDT,0.1605,0.1606,0.1604,1332.5,2814.9,0.1778,0.1583,1742697623975,-0.0343,4696464.8,781432.83014,781432.83014,0.1617,-0.00742,0.160503582051491,0.00005,10397540.6,,,,0.1662,0.1605
416,REDUSDT,0.5889,0.5897,0.5895,1930.6,3299.1,0.621,0.585,1742697623975,-0.02742,3092035.2,1862994.59479,1862994.59479,0.605,-0.02661,0.5897350283124476,0.00005,4305762.2,,,,0.6055,0.5894
417,MINTUSDT,0.02095,0.02095,0.02085,480,478,0.02288,0.02016,1742697623975,-0.00428,108622748,2262411.7104,2262411.7104,0.02141,-0.02149,0.0209210712817497,0.00005,0,,,,0.02104,0.02092
418,ELXUSDT,0.303,0.3033,0.3029,341,197,0.3342,0.2961,1742697623975,-0.0625,4464934,1423827.5031,1423827.5031,0.3101,-0.0229,0.3029748849555033,0.00005,8444538,,,,0.3232,0.303
419,SERAPHUSDT,0.21142,0.21156,0.21073,267,477,0.2195,0.19249,1742697623975,0.06573,22081762,4631530.88068,4631530.88068,0.21366,-0.01048,0.2103839343803987,0.000058,13639550,,,,0.19838,0.21101
420,BMTUSDT,0.1721,0.1721,0.172,69473,10102,0.1886,0.1671,1742697623975,-0.04016,26699697,4739327.7462,4739327.7462,0.1706,0.00879,0.1724674446126497,0.000033,25585029,,,,0.1793,0.1722
421,OIKUSDT,0.0711,0.0712,0.0709,739,41,0.0752,0.0707,1742697623975,-0.01387,9613695,694998.7312,694998.7312,0.072,-0.0125,0.0710995633089698,0.00005,36122568,,,,0.0721,0.0711
422,VICUSDT,0.2432,0.2434,0.2432,783,3068,0.2579,0.2387,1742697623975,0.01081,3959264,974250.9722,974250.9722,0.2459,-0.01098,0.2436173995984952,0.00005,2214402,,,,0.2406,0.2433
423,EPICUSDT,1.3107,1.3105,1.3099,149.2,60.9,1.3773,1.2373,1742697623975,0.05404,1134825,1485179.32871,1485179.32871,1.323,-0.0093,1.313,0.000015,409114.2,,,,1.2435,1.3107
424,OBTUSDT,0.01745,0.01746,0.01744,16700,15300,0.01865,0.01664,1742697623975,-0.03804,81533900,1473222.073,1473222.073,0.0168,0.03869,0.01746726765455,0.00005,43388831,,,,0.01814,0.01745
425,MUBARAKUSDT,0.1218,0.1218,0.1216,5361,82,0.1366,0.115,1742697623975,-0.04918,96474513,12056823.4432,12056823.4432,0.1263,-0.03563,0.121973502169926,0.00005,127610664,,,,0.1281,0.1219
426,NMRUSDT,9.37,9.37,9.366,20.4,71.9,9.731,9.08,1742697623975,0.00461,102160.7,961073.1171,961073.1171,9.217,0.0166,9.3699925221279342,0.00005,48939.3,,,,9.327,9.37
427,TUTUSDT,0.02376,0.02375,0.02372,62200,14300,0.02769,0.02257,1742697623975,-0.08721,316633000,7898717.438,7898717.438,0.0238,-0.00168,0.0237645686806643,0.00005,228965463,,,,0.02603,0.02376
428,FORMUSDT,1.7874,1.7877,1.787,632,267,1.895,1.7613,1742697623975,-0.0139,1448698,2664110.3615,2664110.3615,1.8579,-0.03795,1.7896490244573962,-0.000512,2733132,,,,1.8126,1.7874
429,RSS3USDT,0.068,0.06795,0.06789,6330,7869,0.088,0.0648,1742697623975,0.01085,37324506,2834996.68662,2834996.68662,0.07105,-0.04293,0.0680291134341077,-0.000464,3947454,,,,0.06727,0.068
430,BIDUSDT,0.05663,0.05665,0.05656,2810,27840,0.06225,0.05489,1742697623975,-0.04824,55675590,3280810.4233,3280810.4233,0.05824,-0.02764,0.05643,0.001303,27944547,,,,0.0595,0.05661
431,SIRENUSDT,0.07103,0.07104,0.07096,2410,570,0.09516,0.06666,1742697623975,-0.1533,424374950,34054880.7751,34054880.7751,0.07638,-0.07004,0.07108,-0.00032,33653212,,,,0.08389,0.07103
432,BROCCOLIF3BUSDT,0.018254,0.018269,0.018242,22530,17370,0.021156,0.016978,1742697623975,-0.11825,1088801050,20379049.6917,20379049.6917,0.017502,0.04297,0.018249,0.00005,67442780,,,,0.020702,0.018254
433,BANANAS31USDT,0.005381,0.005377,0.005372,3000,3000,0.006374,0.00475,1742697623975,-0.02835,4032181000,22135367.791,22135367.791,0.005437,-0.0103,0.00537794168784,0.00005,341571735,,,,0.005538,0.005378
434,BRUSDT,0.1714,0.1715,0.1713,1656,12700,0.1899,0.1657,1742697623975,0.00469,48479733,8608363.7612,8608363.7612,0.17,0.00824,0.171678459806292,-0.001418,44206771,,,,0.1706,0.1714
435,BUBBUSDT,0.02697,0.02699,0.02675,600,6200,0.03273,0.01725,1742697623975,0.48024,74363200,1723341.627,1723341.627,0.02574,0.04779,0.0269355778090719,0.0001,0,,,,0.01822,0.02694
